Name,Term,ES,NES,NOM p-val,FDR q-val,FWER p-val,Tag %,Gene %,Lead_genes
prerank,KRAS.KIDNEY_UP.V1_UP,-0.49703028128078736,-1.921414324730512,0.0,0.0,0.0,57/127,21.86%,SCG3;SNAP25;SLC6A15;ERC2;GCGR;NRXN1;GAP43;CRYAB;GRIK2;HPCAL4;SFRP1;GPRC5B;GPM6A;FGF9;NRCAM;KIF5C;TRIM9;SLC6A1;TCEAL2;DYNC1I1;ETV1;PCDH9;SPARCL1;CDK5R1;GABRA5;ANK2;HEY1;KCNJ8;CAB39L;GHRH;SIGLEC15;RCAN2;SORBS1;RTN1;SERPINI1;NUDT11;NMNAT2;TMOD1;TMEM100;ALDH1A1;ASPA;ITGBL1;SV2B;PNMA2;MEF2C;SYT1;NAP1L2;LMO3;ATP1A2;DUSP6;SNAP91;PLCB1;TRIB2;PCP4;GRIA2;TUBB4A;ST3GAL6
prerank,CAHOY_NEURONAL,-0.5113747310185228,-1.9154194948873762,0.0,0.0,0.0,32/87,17.53%,CELF4;HPCA;MYH3;JPH4;CAMK2B;SYT4;SLC35F4;GABRG2;DRD1;SCG2;CAMKV;LAMP5;FGF9;RGS4;DYNC1I1;SYT5;GABRD;GABRA5;AMER3;COL19A1;SLC6A17;PENK;PPFIA2;RPRML;NEFM;GRP;SV2B;RASGEF1A;MEF2C;SYT1;BCL11A;NWD2
prerank,SIRNA_EIF4GI_UP,0.367172899625083,1.885833108389077,0.0,0.0,0.0,27/88,12.91%,ASAH1;UBE2E1;KIF2A;HLA-B;UQCRC2;FCAR;ATP1A1;SLC25A5;XPC;NSG1;SLC25A3;EIF3K;ECI1;SAMM50;ZFP36L2;GPR15;ESYT1;CA2;ADSL;DAG1;CCT4;CSE1L;NDUFS8;LRPAP1;IGF2R;PSME1;GIN1
prerank,KRAS.300_UP.V1_UP,-0.46003216817179177,-1.7700743482839105,0.0,0.005929074840586196,0.02,58/126,24.79%,SCG3;SNAP25;SLC6A15;ERC2;COL26A1;DCBLD2;ASTN1;APOD;GRIN2A;WNT7A;TERT;FGF9;NRCAM;KIF5C;DYNC1I1;ETV1;CDK5R1;TFPI;ANGPTL4;HEY1;SIGLEC15;DBH;MMP11;LINC01140;NAV3;RCAN2;HAS2;RTN1;ETV5;STC1;OR2B6;KIF5A;ARHGAP24;ITGBL1;SPP1;ZP4;APOBEC3G;SYT1;NAP1L2;LMO3;ATP1A2;DUSP6;SNAP91;SEMA3A;RRAGD;TRIB2;RNASE1;ANO1;CXCL5;G0S2;PCP4;ADAM8;ST3GAL6;MCF2;KCNK7;DDX6;KCNH2;ASIC4
prerank,HINATA_NFKB_IMMU_INF,0.5192011877379913,1.6688596646159377,0.0,0.04718004338394794,0.03,6/15,8.32%,CXCL3;CXCL8;NFKB1;CXCL2;IL1B;IRF1
prerank,ATM_DN.V1_UP,-0.44300258008555005,-1.660600577489772,0.0,0.017787224521758585,0.08,39/133,14.62%,TNNT3;NGFR;ENO3;FGF5;SNCB;TTR;MYOM1;BDNF;GCM1;BCHE;HPR;RSPH6A;SLC6A1;CRHR2;TXK;MYL2;CD19;XCL1;TRAF1;PHKG1;FLT1;SRD5A1;OCM;ECM2;SYN1;SPAG4;NDRG4;ADARB1;KRT85;FSTL3;VAV2;PARVA;TIAM2;GPR162;F13A1;ABCA8;RPE65;VEGFA;NFKBIL1
prerank,CAMP_UP.V1_UP,0.2695723187752587,1.6542966868036002,0.0,0.03145336225596529,0.03,68/187,21.39%,POLR3H;RCHY1;TFPI2;CXCL8;MAD2L1;COX8A;GLRX;ATP1A1;IFITM1;SLC25A5;P4HB;PRIM1;AHCYL1;XIST;EARS2;SEC13;MAEA;SSR3;WIPI1;PXK;SRPK1;SESN2;NME1;TMED9;PRMT1;TGFBI;MYC;IFITM3;RPL18A;EIF2B3;HSPA9;CS;MRPS18A;CYBA;CLPTM1;PPIB;NDUFV1;ACSL4;ALDOA;ECSIT;COPE;HSPBP1;ACO2;TRIM2;FBXO42;LRR1;MDH2;LONP1;CEBPG;PLSCR1;HLA-DRB5;SIL1;COG6;CHAF1A;TMEM8B;MRPL15;NDUFB5;PIGS;DDX23;NDUFS2;RNF41;PLCH1;DPAGT1;GPR160;SLC35A4;CHST5;SEC61A1;DIP2B
prerank,KRAS.600_UP.V1_UP,-0.40688510374398335,-1.6357030320895747,0.0,0.019565946973934444,0.11,97/248,24.79%,SCG3;SNAP25;ANKRD34C;SLC6A15;ERC2;COL26A1;GFAP;DCBLD2;ASTN1;LDB3;APOD;PFKFB1;TAGLN3;GRIN2A;WNT7A;TERT;MLXIPL;FGF9;NRCAM;KIF5C;ARL4C;REEP2;MMP17;DYNC1I1;ETV1;AURKC;DIRAS2;PCDH9;CDK5R1;TFPI;CSN2;CEND1;ANGPTL4;INHBA;HEY1;KCNJ8;SIGLEC15;VEGFC;ZEB1;DBH;CHRNA3;ESM1;MMP11;LINC01140;NAV3;KCNK3;NRP1;RCAN2;HAS2;RTN1;PMS2P4;ETV5;STC1;OR2B6;NMNAT2;SLIT1;KIF5A;ARHGAP24;ITGBL1;CPA2;TRIM45;ADCYAP1R1;CTNND2;PNMA2;SPP1;ZP4;APOBEC3G;ST18;EXOC6B;SYT1;NAP1L2;LMO3;ATP1A2;DUSP6;SNAP91;SEMA3A;RRAGD;TRIB2;IDI2-AS1;RNASE1;LGALS14;ANO1;PRL;CXCL5;G0S2;PCP4;ADAM8;ST3GAL6;KCNC1;ZDHHC11;MCF2;KCNK7;DDX6;KCNAB3;KCNH2;SATB1;ASIC4
prerank,PRC2_SUZ12_UP.V1_UP,-0.41587111751889855,-1.6303861407958595,0.0,0.016304955811612037,0.11,44/167,16.76%,RPL3L;SEMA3E;SLC6A15;KRT81;DCBLD2;PPFIA4;GRIN2C;ACTL8;NKX6-1;MYL3;PAQR6;IL1RL2;POU2F1;FGF9;CA11;NGB;CYP1B1;ARL4C;KRI1;CD70;PCBP3;KRT15;CAB39L;ECM2;ALX4;ZNF208;TRIM58;PKD2L1;POLM;CNPY4;SERGEF;FOLR3;CACNA2D3;GRP;TMEM245;CBX7;MYT1;SLC39A2;PRKG2;GGT5;ST18;RBM4;AOC4P;ALDH1A3
prerank,KRAS.50_UP.V1_UP,-0.5046954268173246,-1.624359332997145,0.012345679012345678,0.01778722452175859,0.13,20/42,21.86%,SCG3;SNAP25;TERT;FGF9;NRCAM;KIF5C;DYNC1I1;ETV1;ANGPTL4;HEY1;SIGLEC15;MMP11;ETV5;STC1;LMO3;SNAP91;CXCL5;G0S2;ADAM8;ST3GAL6
prerank,JNK_DN.V1_DN,-0.41139591886431526,-1.6235666170930039,0.0,0.015563821456538762,0.13,71/170,27.57%,JPH3;RARA;NOVA1;TM4SF4;GCGR;GRIN2C;ITGA10;GPR12;KLHL35;APLP1;MAP1B;TULP1;ARHGAP4;MAT1A;RGS16;STON1;ABHD2;SYT17;NR2E1;PCDH9;NELL2;SGCG;RAB6B;KCNJ8;APOBEC3F;MYL9;VEGFC;TNS2;NRP2;PCYT1B;TTLL3;RCAN2;EFNA5;PIP;FER;SPRY1;SERPING1;TRO;LINC00342;CRYBA1;FXYD2;SV2B;NFKBIL1;IRGC;MIA;DENND5A;CAPN11;PLCB1;TRAF6;TBKBP1;AR;SVEP1;PTPN18;MAFK;G0S2;GGCX;GCNT1;ETS1;ARR3;KCNA4;TNIK;PDGFB;SMYD2;NPR1;WIPF1;FAM110B;TSPAN2;SMAD9;IDUA;KMT2A;FAM131B
prerank,LEF1_UP.V1_UP,-0.4090440635230982,-1.6165226354938829,0.0,0.014822687101465486,0.14,69/185,22.54%,IGFBP6;KRT81;HEY2;HSPA1A;SCN5A;RGCC;PCSK5;FOSL1;SLC2A3;FLNC;KRT76;MAP1B;PRPH;SERPINE1;FGF9;ARHGAP4;PAX6;ZFPM2;NELL2;C14orf132;FHL1;EGR2;TCHH;MYL9;CDKN2A;RUNX3;OBSL1;AKAP12;HAS2;GNAL;FNBP1;CRABP2;FN1;TMEM47;FBXO17;ELK3;DBN1;NMNAT2;SLIT1;TMOD1;TUBB2B;SLC43A3;WWC2;ISYNA1;DCLK1;TULP2;MIA;APOBEC3G;COL6A1;CYBRD1;NES;VIM;RRAGD;CHST11;CST7;CHST10;FGF3;TH;DLL3;SLC35G2;ANO1;G0S2;HOXB2;WT1;PLEKHO1;LCK;LTBP2;ARC;TCEA2
prerank,PTEN_DN.V1_UP,-0.40424182393862496,-1.566743841421729,0.0,0.026680836782637878,0.29,65/157,30.41%,PTPRZ1;CYP26A1;TNNT3;TMEM151B;COL26A1;TCF7L1;NTNG1;BDNF;PCDHB12;PAGE4;HPR;NGB;SLC6A1;UCHL1;ASPN;PCDHA5;HOXC8;PGR;GABRA5;C5;KCNH7;BMPR1B;AQP1;TCHH;SPOCK1;KCNQ4;GNAO1;NAP1L3;PDZK1;EFNB3;CCDC102B;TUBB2B;JAM3;SHC2;FGF1;ATP6V1B1;MIA;CAPN11;MX2;SORBS2;MMRN2;AZU1;LHX2;TGFBR3;CHRNB1;CLTCL1;MYO15A;HOXB2;CNR2;MAL;SPOCK2;ZBTB10;INHBB;RGS2;OSGIN1;TSPAN2;DOK5;DMRT1;HTR1B;GJC2;MYBPC1;GLT8D2;RBP3;ZNF22;SSBP2
prerank,SNF5_DN.V1_DN,-0.4085470911360417,-1.5664117605813914,0.010309278350515464,0.024255306166034434,0.29,40/141,14.66%,CELF4;PTPRZ1;MYH3;SLC1A6;PCOLCE2;ENO3;GPX3;EBF2;RIMKLB;CRMP1;RRAD;CNTN1;ITGA7;BNC1;STMN4;ATP8A2;MMP13;RGS16;UCHL1;LMOD1;SPEG;NPR3;ANGPTL4;CDH10;LTB4R2;DES;CDKN2A;P2RX5;GRIA3;PDZK1;OLR1;RCAN2;PIP;LOXL4;TRO;RGS5;IZUMO1R;MYLK;TPD52L1;PRKG2
prerank,CYCLIN_D1_KE_.V1_DN,-0.39884767937490323,-1.5657972253415064,0.0,0.02223403065219823,0.29,56/171,24.68%,CHRNB2;ACTN2;KIF1A;TNNT3;PTH1R;PDYN;MC1R;FCER2;MYH2;CRMP1;NTF4;CAV1;AKAP6;BNIP2;ATF7;GJA1;PBX2;PIP4K2B;ADH1B;POU3F1;PLCG2;FLT1;KCNJ8;DRD4;PENK;TFCP2;MX1;POU2F2;ADARB1;RLBP1;ACTC1;CNGB1;ALDH1A1;PIP4K2A;PGM5;NOS1;PRKG2;ATP6V1B1;MS4A1;NPAS1;KLF9;PPIG;SALL2;CXCL12;PCP4;RAB5B;FES;ARL4A;OXT;TCEA2;COL3A1;DNAJB4;PTCRA;INHBB;EML1;ROS1
prerank,BRCA1_DN.V1_UP,-0.40498190485564867,-1.5349989319164068,0.03125,0.03283795296324662,0.42,41/107,24.78%,MAP2;SHANK1;CCKBR;NKX2-2;SIX1;CTNNA3;KLHL35;IL1RL2;GRID2;KCNB2;CILP;CHAT;UPK1B;CHD5;KCNH7;LHX6;SP4;EXTL1;PRSS21;ANGPT4;IQCA1;PIP;HMGA2;PHOX2B;APBB1;RCN3;ISYNA1;SGCA;AIM2;SMN1;SLC16A6;INE1;RNF122;LDB2;ZNF682;TTLL7;GJA5;CD34;SLCO1A2;OSR2;POU2F3
prerank,JAK2_DN.V1_DN,-0.40467169642449463,-1.5092986624686828,0.0,0.04065651319259106,0.51,48/133,23.51%,SUZ12P1;COL26A1;MROH7;NAALAD2;OXTR;NSUN6;CAPRIN2;ZNF160;DMTF1;CSAD;LINC01278;PNISR;GUSBP1;ECM2;SIGLEC15;DBH;MYBL1;ETNPPL;CDRT4;MPDZ;ZNF280D;ADAMTSL4;LRRC37A2;TMEM245;LINC00115;PVT1;GABBR1;ITGBL1;SGCE;DPY19L2P2;GOLGA2P10;CCNL1;TMEM163;GABRE;CEP152;PCDHB13;DLL3;FAN1;CARF;GOLGA8A;EPM2AIP1;TRIM52;ZNF721;ATM;DIP2A;GOLGA8B;TNRC18;HCG18
prerank,SRC_UP.V1_UP,-0.3890785480399501,-1.500881176962814,0.0,0.04624678375657232,0.55,48/151,21.68%,KCNH3;SLC35F4;CALML5;COL26A1;RPRM;PRR3;MMP16;MORN3;PI16;POU3F2;PFKFB1;TMEM88;CLDN9;SLC4A9;ATP8A2;MLXIPL;TTC21A;PACSIN3;STAC3;CD70;APC2;MIOX;COX4I2;SYN1;CLIP3;BCRP3;BRWD1-AS1;CCDC65;TCEAL3;SUGCT;TAF3;LEKR1;LYVE1;CEACAM19;ARRDC1-AS1;AIM2;FGF23;BAHD1;TFR2;OPRL1;PDZD7;TECTA;DLL3;RNASE1;MTMR9LP;MED10;PCP4;FES
prerank,KRAS.50_UP.V1_DN,-0.4295780778959728,-1.4939438679659798,0.033707865168539325,0.0478031659022262,0.58,11/40,16.17%,RRAD;HYAL4;KRT4;PSORS1C1;CDH16;SOX11;NOS1;ATP6V1B1;SLC6A3;EPHB6;MX2
prerank,KRAS.BREAST_UP.V1_DN,-0.3831184955723552,-1.4844112519279968,0.0,0.05283851990287109,0.64,33/124,17.49%,NOX5;TM4SF4;SLC30A3;POU3F2;PAQR6;NFATC4;RBM17;ZNF37BP;HPR;TRIM9;ASPHD1;ALG1L2;KCNQ3;TNNI3;EGR4;MYL9;CYP21A2;WT1-AS;DPYS;GP6;KLF8;SERPING1;TEX15;CLSTN3;PBX1;SV2B;NOS1;ATP6V1B1;TTYH1;SPTBN2;EGFL7;SERPINA10;ADAMTS5
prerank,RB_P107_DN.V1_UP,0.31757743501071795,1.4804527537993402,0.0,0.06290672451193059,0.07,44/127,17.52%,DCT;CCNF;ETHE1;MAD2L1;PRDX4;GMNN;NXT1;PRIM1;ANAPC11;PCNA;PRC1;CDC25B;MCM5;RRM2;GINS4;HMGN2;CENPK;ASF1B;GTSE1;SI;DHFR;CCNE2;POLD1;CA2;PAQR4;DYNLT1;CDC45;TMEM45B;CHAF1B;SLBP;MCM2;MCM6;SIVA1;RFC3;SAMD10;DNA2;RRM1;LIG1;MCM7;TUBG1;RPA1;BLVRB;DNAJC9;RFC5
prerank,IL2_UP.V1_DN,-0.3801210075980285,-1.4693914353163098,0.0,0.0617611962561062,0.71,61/165,24.84%,RPL3L;CUX2;TNNT3;ERC2;PCSK5;LRP2BP;TAGLN3;WSCD2;TCEAL4;CHRNB4;ZNF362;HTR2B;ARL4C;AGBL2;ASPHD1;RASGRP3;CCDC81;COLQ;NACAD;KLHDC8A;CYP46A1;PAK3;GPRC5D;PBXIP1;REC114;SCHIP1;KCNS1;MAGI2;LINC00472;GDF5;SDCCAG8;SLC24A1;MYLK;TRPM1;CD72;PBX1;KANSL1L;NUAK1;MYCT1;FUT9;MAB21L2;SYT1;NAP1L2;ZNF408;HSF2BP;TRIB2;CDKN1C;NKX3-2;INHA;NDOR1;CFAP44;POU2AF1;DEPTOR;CNR2;PDE6B;CD34;RABEP2;SLN;GUCY1A2;ISL1;RGS2
prerank,HOXA9_DN.V1_UP,0.2622875484791318,1.4577524466620575,0.0,0.056616052060737526,0.08,35/176,10.18%,TDRD7;CXCL8;RABAC1;S100A8;GALNT7;RBM47;ARHGAP26;FBXL5;CXCR2;MS4A3;TAX1BP3;NOD2;XPC;S100A9;PAQR3;MSRB1;ENTPD4;TSEN34;CSNK1G3;TPK1;CCR2;KLF4;IL13RA1;CHI3L1;SESN1;HLA-DRA;ASCC3;SERPINB8;FAS;ZFYVE16;CDK8;NDFIP1;ICAM3;CHUK;PTPRE
prerank,IL15_UP.V1_DN,-0.39637783651195657,-1.4553959909676386,0.0,0.0734893223662131,0.82,40/157,13.73%,ACTN2;RPL3L;CUX2;ATP6V0A4;ERC2;CLDN11;MYH7B;KCNIP2;EBF2;SERPINA5;HYAL4;CNTN1;LRP2BP;DOCK3;KLHL35;GEM;TCEAL4;HTR2B;TSPAN32;KCND1;ARL4C;ASPHD1;C14orf132;RAB6B;POU1F1;SIGLEC15;SPAG4;PBXIP1;ADAM12;NKX2-5;FSTL3;TSC22D3;KCNS1;SLC17A1;LYVE1;TCN1;CNTNAP3B;MYLK;BCL2L10;CD72
prerank,E2F1_UP.V1_UP,0.2603557918441283,1.447241802925131,0.0,0.04718004338394794,0.08,53/176,18.11%,MPG;DMBT1;CNOT7;DCTPP1;KIF2A;SSX2IP;PSME3;EIF6;THOP1;GRSF1;STIL;MAPK14;DDX46;SLC35E1;PRC1;GPN2;BUB1;TAF9;PITPNM1;HSPB2;RBM22;WRN;BOLA3;TYMS;UBN1;PLK4;KPNA3;MCM4;CASP7;UQCC1;CHAF1B;SLBP;BRCA2;CYBA;RB1;DLGAP5;TPD52;ELANE;HSPBP1;GRWD1;DNA2;RRM1;CHEK1;NUP43;RDH13;ZFPM1;NOCT;DBF4;TRAF3;CMA1;TRNT1;TFAM;NDUFAF4
prerank,TBK1.DN.48HRS_DN,0.3531689251475982,1.4456933807991095,0.0,0.04493337465137899,0.09,17/48,19.42%,XBP1;MAPK9;PSMB8;PAFAH1B3;BIRC5;IL13RA1;DCK;DLD;RAD51C;BIRC2;ATG3;CPNE3;PLEKHJ1;MSRA;GALE;CTNNAL1;CDK1
prerank,VEGF_A_UP.V1_DN,0.2375528666867206,1.4263790329872563,0.0,0.04324837310195228,0.09,65/187,23.01%,HMMR;TRIM25;CCNB1;PTPRD;MAD2L1;CYB561D2;RAB3B;MT1X;BCL10;MFAP3;CPA3;BUB1;BIRC5;UCHL3;SLC4A7;RRM2;NBN;POP1;AMD1;CEBPZ;ACADM;NUDT21;TGFBI;DHFR;DDX21;PLK4;HIRA;MCM4;PSD3;PTPRE;GABBR2;CDC45;RP2;SLC30A9;BAK1;IPO5;CSE1L;DLGAP5;CDC27;ARMC6;ITGA2;AMPH;SMC4;PNO1;CCNB2;FKBP5;DBF4;TMPO;TFAM;NUP155;CTNNAL1;IL6;ASPH;CENPA;CKS2;MAPK6;TTK;IL1RL1;LMNB1;ADAM9;CCNH;UAP1;KIF11;TMEM259;CDKN3
prerank,KRAS.300_UP.V1_DN,-0.3654126962597429,-1.4252003201203796,0.03125,0.10361058283924376,0.88,53/123,34.03%,RYR2;TM4SF4;NKX6-1;RRAD;HYAL4;KRT4;PSORS1C1;CSDC2;HSPB8;KCNQ3;FOXI1;TNNI3;CHRM2;CDH16;MYL9;SOX11;MX1;DPYS;YBX2;PCYT1B;CRABP2;TEX15;TAGLN;NOS1;ATP6V1B1;SLC6A3;EPHB6;SLC3A1;MX2;SPTBN2;ACTG2;PLEKHH3;GRM2;RASAL1;MXRA8;PDE6B;RUNDC3B;THRB;KCNMB2;BST2;HTR1B;FGFR3;PPFIA3;SLC9A7;DENND1C;DPT;TAS2R4;SYNPO;DTNB;IFI44L;SDS;EDAR;MAML3
prerank,ALK_DN.V1_DN,-0.37821088734492425,-1.4232318676319513,0.020833333333333332,0.10164128298147763,0.89,30/125,15.26%,PTPRZ1;SEMA3E;KCNJ9;IGFBP6;GABRG2;DOC2A;CRYAB;GRB7;KCNC3;PSORS1C1;PRPH;RPL23AP7;EFHD1;CCDC81;CAMK2A;ANGPTL7;PENK;P2RX2;CASQ2;GCKR;ADCY2;MX1;TIAM1;VAV2;CTF1;GPR162;NMNAT2;HSPA1L;SEMA7A;MIA
prerank,RB_P107_DN.V1_DN,0.26271391730987614,1.4179333000238752,0.0,0.045432634369727644,0.11,32/115,18.37%,PMM2;TDRD7;PPA2;S100A8;GLRX;SRI;C3orf70;PAFAH1B3;S100A9;ELOVL6;GUCA2A;GNG12;LPCAT3;HIGD2A;BIN3;ELOVL1;PANK1;PTPRE;UNC119B;LACTB2;COQ9;SAR1B;TXN2;TLR2;PGD;CBR4;PEX3;COG6;NIPSNAP1;CHAC1;ACP5;MYO1D
prerank,MTOR_UP.N4.V1_UP,0.24486974413366733,1.4178103496340417,0.0,0.040889370932754875,0.11,65/181,23.31%,SLC39A14;LARS2;MIPEP;COQ2;ARL3;ABHD6;SDF2L1;MRPL22;SEC24D;ELOVL6;FKBP11;COX10;BSPRY;RIMS3;SLC31A1;GK;ANXA3;GTF2E2;PLS1;PCCA;APOL6;GPR65;MCPH1;IL7R;HERPUD1;SLC6A9;PYCR1;ETNK1;FAS;PANK3;EIF2B3;CHUK;CNIH4;NANS;GFPT1;IDH3A;CTSG;SAR1B;MSMO1;PIR;MRPL39;PTPRK;RRP9;CEBPG;ULBP1;GALE;NUP155;DOK2;CHAC1;RABEPK;EBNA1BP2;DDN;PCK2;ARG2;OPN3;E2F5;DHCR7;PDXK;ADAM9;LIMA1;ASS1;YRDC;ISOC2;PTS;SLC7A11
prerank,CTIP_DN.V1_UP,-0.3669616997981103,-1.4144500274591014,0.010752688172043012,0.10834036754162048,0.94,42/116,23.61%,C1orf105;PNMT;PTH1R;KCNIP2;TTR;MYOM1;KCNK2;GRID2;KCNB2;RND2;TERT;TULP1;PCDHA5;DDIT3;UPK1B;SCAND2P;TRAF1;ALPK3;SP140;GNG7;WT1-AS;PKD2L1;KCNS1;SLC17A1;OLFML2B;CD22;ASPA;PER3;PPEF1;SNAI1;ARPIN;EGFL7;FAM153A;INSR;NPPA;SALL2;SLC35G2;RGSL1;COPZ2;OPN1SW;CD34;OXCT2
prerank,PDGF_UP.V1_DN,-0.3815700062775107,-1.4116895872897648,0.021052631578947368,0.10711002592450279,0.94,36/112,20.21%,LRP2;KL;MC1R;CRYAB;OMD;ZNF33B;SLC8A2;ACADL;PLAG1;SCAND2P;SP140;CUBN;ADCY2;TNS2;SMG7-AS1;LTBP1;MSX1;LIMK1;ZNF10;DSC1;CHST15;CYB5R1;BHLHE40;CTNND2;VENTX;ADRB3;KIAA1217;BPGM;AOX1;COL4A5;ATP4B;INE1;TACSTD2;DUSP10;RAD9A;SLC28A1
prerank,KRAS.PROSTATE_UP.V1_UP,-0.36346792002716166,-1.4091431725832595,0.020833333333333332,0.10375880971025843,0.94,58/122,34.08%,CAMK2B;ANKRD34C;COL26A1;CX3CL1;IL1RL2;SYNPO2;MLXIPL;REEP2;CNGB3;MMP17;SYT5;TWIST1;ANGPTL4;CDH4;POPDC2;VEGFC;ZEB1;CHRNA3;MMP11;RFPL3S;CR2;ETV5;BANK1;TUBA8;ARHGAP24;KANSL1L;NXPH3;KHDC1;APOBEC3G;NES;KREMEN2;JAM2;FOXH1;MYOC;IDI2-AS1;PCDHA2;FEZ1;CNTN5;PLCH2;LRRC15;TGFBR1;DNM1;FGF22;FABP3;KRT36;KIAA1549L;HABP2;SV2C;TEX12;PDK4;NOL4;PADI3;LMO1;TEC;FSD1;RGS13;NPY4R;AICDA
prerank,CTIP_DN.V1_DN,-0.36155836376849293,-1.402757859655696,0.021739130434782608,0.10245441324532946,0.95,35/114,22.45%,PTPRZ1;CCNA1;NRIP2;CAMKV;CX3CL1;WNT16;BCAM;REEP2;INSL3;KCNH7;ACOXL;CDH16;ALX4;MAGEL2;HIP1;RUNX3;PSORS1C2;TTLL3;CEP162;ABI3BP;CTF1;SACS;CHST15;SLC3A1;CYBRD1;HLA-DOB;MAPK11;DDAH2;RGS11;ANO1;CDKN1C;NLGN3;PLEKHH3;KCNC1;DIP2C
prerank,MYC_UP.V1_DN,-0.3661854367670922,-1.4026652825344827,0.0,0.09851385888973987,0.95,45/154,17.54%,NGFR;REC8;PCDHB4;NTF4;SRGAP2C;GALNTL6;MN1;SLC6A1;HOXC4;GAMT;SRGAP2B;PPM1N;ZNF334;FBXO27;POGZ;ANGPTL4;PLK5;AGER;RUSC1-AS1;BANF2;PAK3;HIP1;PRRT2;KATNAL1;NRP1;MEGF6;MCHR1;MST1L;VAMP1;PBX4;C16orf74;ADHFE1;PLEKHG2;C1orf54;CLSTN3;KRT80;IRGC;ZNF467;PBX3;UTS2R;ZNF789;SYT1;GRID1;BCO2;TRIM56
prerank,NOTCH_DN.V1_UP,-0.35253916407853003,-1.3987288379571727,0.0,0.097500341822973,0.95,62/163,31.20%,CCNA1;TMEM59L;HSPA1A;RRAD;DGKI;ATP1B2;TNS1;GUCA1B;SRGAP2;HPCAL4;UPB1;KCND1;TLX1;MN1;RAG1;NPTX1;TNNI3;C6orf15;ANGPTL7;RUNX2;ESM1;YBX2;ANGPT4;ETNPPL;ADAMTS1;GABRR1;CTF1;BTG2;TPPP;HABP4;CPA2;NPTXR;SPTBN2;ABTB2;LMO3;EFNA3;RNF39;PRKACA;STAT2;PPP1R13L;PIAS3;SCN8A;KCNH2;TGFBR1;FGF16;FGF13;LDOC1;RGS2;TENM1;TTC21B;SSH3;TUBBP5;ZNF671;CDKAL1;PRKG1;CDKL1;NR6A1;TGFB1I1;DAAM2;ANKH;SLC9A7;DPT
prerank,BRCA1_DN.V1_DN,-0.36177824916383783,-1.3935441150314603,0.020833333333333332,0.10195891199079475,0.96,31/120,16.71%,KCNQ2;SUSD5;TCF7L1;HAND1;LRRC17;MEOX2;ITGB1BP2;FGF9;AURKC;COLQ;BMPR1B;HAO2;XCL1;GREB1L;CTDSP1;DPYSL3;EFNA5;GDF5;CYTH3;OLFML2B;LYVE1;DPY19L1P1;ASPA;PDLIM3;SLC3A1;SNAI1;MX2;EXOC6B;EXD3;C1orf116;CHD2
prerank,DCA_UP.V1_UP,-0.3521177379835215,-1.3889926645803699,0.02127659574468085,0.10334990799711456,0.97,55/165,26.80%,RIMS2;C1orf105;PNMT;IL23A;NTN3;RPRM;CACNG5;ATP1B2;SIX1;SERPINA4;MYOZ3;WNT16;HOXC5;DPP6;CNGB3;ALG1L2;EYA2;COLQ;INSL3;CD70;ZNF157;GARNL3;CUBN;ANKRD53;MX1;ZNF117;TTLL3;MIR600HG;ELAVL4;SERPING1;RPE65;KIF17;IRGC;MYCT1;EPHB6;CAPN11;HCG9;VPS39;SMN1;KREMEN2;NRXN2;SARDH;SLC28A1;COPZ2;MCF2L;GDPD3;CST2;OXCT2;HTR6;CASP2;FGF22;CYP2B7P;CYP3A43;CA6;TYRO3
prerank,EIF4E_UP,0.2667501042066833,1.388426351193566,0.0,0.05146913823703412,0.15,22/94,11.94%,CKMT2;PMM2;LAMC3;FKBP1B;FOXD2;MRPS35;TAX1BP3;MON1A;EIF4A3;PRSS1;NUDCD2;UBFD1;SNRNP25;ZNF576;UCHL3;LST1;JOSD1;C6orf226;FBXO4;SRXN1;DNPH1;TUFM
prerank,RPS14_DN.V1_DN,0.2616652125824671,1.3858503273881193,0.0,0.04718004338394794,0.15,79/179,25.52%,ORC1;NDC1;EMP2;DEPDC1;LARS2;IL7;MIPEP;APOBEC3A;PLK1;PBK;MRPL12;KCTD20;MAMLD1;CDC20;PRC1;MCM5;SLC31A1;KIF15;GCDH;NLE1;ECT2;SHMT1;LGR4;CDC6;PYCR1;POLD1;EIF2B3;RPS28;GEMIN4;SLC29A1;FBXO5;DLGAP5;KIF20A;CD320;SRD5A3;MYO19;MRPS2;EPB41;GINS2;PES1;KIF2C;TUBG1;SRM;CNN3;CCNB2;SRR;NUP155;CHAC1;MANEA;REPS2;MRTO4;DDN;NOC3L;EYA3;RAP1GAP;MSH2;CHST5;TRIP13;SUV39H2;COLEC11;TLN2;PCSK7;TRIM29;ISOC2;ID1;ADGRA3;ZNHIT2;CDR2;ZNF74;ATAD2;FZD5;LLPH;DGCR11;THEM6;PSAT1;AGAP1;GLRA2;EXO1;INCENP
prerank,KRAS.LUNG_UP.V1_UP,-0.36392299725908966,-1.37992862418064,0.020618556701030927,0.11532050564940148,0.98,42/126,22.62%,SLC16A8;IL23A;DCBLD2;SLC6A11;NGF;MYH2;LDB3;GRIN2A;WNT7A;KIF5C;RGS4;AURKC;NELL2;ANGPTL4;IGSF1;INHBA;SIGLEC15;NAV3;POLM;NRP1;NKX2-5;CYP4F8;LINC00472;SDCCAG8;CELA2B;BANK1;OR2B6;CLSTN3;PRKG2;ADCYAP1R1;NPHS1;EGFL7;NES;RNASE1;ZBTB48;ANO1;CXCL5;G0S2;ADAM8;NDOR1;ST3GAL6;ETS1
prerank,ATF2_S_UP.V1_DN,-0.3392541439386277,-1.3722371565142664,0.010416666666666666,0.12537124380658873,0.99,54/176,23.40%,LAMA2;NGF;GPRASP1;GAS1;FGF9;MN1;CYP1B1;NFE2;TAF1C;PTGIS;SGCG;GABRD;ADH1B;COMP;CRLF1;BMPR1B;ANGPTL4;DES;PLN;ADARB1;KCND2;C1RL;SORBS1;COL11A1;VAV2;SERPING1;ABCA8;RGS5;DAPK1;NPIPA1;CBX7;ITGBL1;SLIT3;PNMA2;ZP4;PDLIM3;PPL;FGF7;DPP4;SFRP4;TENM4;LTBP3;ROR1;RNF39;SVEP1;ID4;CRELD1;ENO2;NPPB;WT1;ST3GAL6;CATSPERG;REN;ATF5
prerank,KRAS.600.LUNG.BREAST_UP.V1_DN,-0.3455479428548468,-1.3633233965656026,0.0,0.13868476619308648,0.99,62/244,17.49%,NOX5;ADD2;CALML5;TM4SF4;SLC30A3;KCNIP2;KCNB1;MYOM1;PAQR6;THBS3;CRYAB;RBM17;KRT4;GAS1;NSUN6;AKAP6;PAX2;GPRC5B;PSORS1C1;TRIM9;IL12RB2;ALG1L2;GAMT;RAG1;TNNI3;APC2;CALML3;FLT1;CDH16;FSCN2;COL19A1;MYL9;SOX11;CYP21A2;PPFIA2;TRIM58;KCNMB1;EPHX3;SH3GL3;DPYS;YBX2;CRABP2;CCDC102B;GP6;KLF8;SERPING1;CACNA2D3;FBXO24;ALDH5A1;TEX15;PBX1;NOS1;GP1BA;FGF1;ATP6V1B1;SLC6A3;SLC3A1;CNTLN;SPTBN2;HOXB3;SERPINA10;PRODH2
prerank,CAHOY_ASTROGLIAL,-0.3618838734078155,-1.351582122181199,0.054945054945054944,0.15469495265893074,0.99,38/92,30.82%,LRP2;IGFBP3;OMD;PHACTR3;NOX4;SERPINE1;CNN1;TRAF1;KAZALD1;GNA14;MYOF;INSL6;CRYGS;FBLN5;SERPING1;AEBP1;COL8A1;CAPS2;TAGLN;ITGBL1;PTRH1;COL5A1;TIMP1;LTBP2;MXRA8;VLDLR;OGN;ATOH8;MORC4;ACTA2;BST2;GPNMB;CLCN4;CD109;CASP12;PON3;RASSF4;LOX
prerank,PTEN_DN.V2_UP,-0.34715981307989996,-1.3406262259883295,0.021505376344086023,0.16636286464468322,1.0,26/128,13.41%,ATP2B2;SERPINA5;HSPB7;NAALAD2;CPA4;GRID2;DNAJB5;GPM6A;ARL4C;HSPB8;THBS4;UPK2;ANKMY1;SPOCK1;ANGPTL4;KRT15;SLITRK3;GNA14;CHRDL1;WT1-AS;NAV3;TIGAR;RTN1;BNC2;CLIP4;SAMD4A
prerank,IL21_UP.V1_DN,-0.3493286873483998,-1.322913170716727,0.05263157894736842,0.19565946973934442,1.0,37/159,14.66%,CUX2;NRXN1;DOC2A;CNTN2;LRP2BP;GUCA1B;SPTBN4;MEOX2;MAB21L1;ASPHD1;DIRAS2;PCDH9;LMOD1;NACAD;TNNI3;AP3B2;SCAND2P;PHKG1;KLHDC8A;CYP46A1;SP4;POU1F1;F11;PRB3;KRT85;EFNA5;MIR600HG;KCNS1;MPDZ;SLC17A1;CACNA2D3;GCNT4;CNTNAP3B;MYLK;BCL2L10;CD72;PRKG2
prerank,WNT_UP.V1_DN,-0.3256276911536432,-1.3174705174802008,0.030927835051546393,0.20331785807510164,1.0,50/161,24.52%,SLC1A6;GFAP;IGFBP6;GPX3;GABRG2;HAND1;NGF;PPP1R1A;GRIN2C;CNTN1;PCP2;NSMF;FZD7;CDO1;KCND1;CELF1;KRTAP3-1;TNNI3;APC2;HEY1;CASQ2;PCDHA10;SERGEF;ADAM12;IRF7;SYT8;LHX1;PCDH7;STC1;ADCY4;VEGFA;BPGM;TFR2;VIM;PRH1;TAL2;CD79B;F10;LHB;TGFBR3;AKR1E2;G0S2;FOXN3;TNFRSF21;HSD3B7;KCNA4;IFIH1;BIK;TGFBR1;GPATCH2
prerank,PGF_UP.V1_DN,-0.33189648029309765,-1.3111172711649315,0.04040404040404041,0.21440816585687375,1.0,60/172,26.66%,ACTL6B;CAMK2B;SLC6A15;IGFBP6;TPTEP1;ATP2B2;PPFIA4;SSTR2;KCNC3;VGF;CLDN9;CACNA1C;PAX2;BCAM;FZD7;UBE2H;AURKC;NELL2;TAS2R14;KCNQ3;ADH1B;MYL9;ENPP2;PDE1B;ELAVL3;TTLL3;HOMER2;EFNA5;AVPR1B;GNAL;SPRY1;CTF1;SHBG;CCDC9;MAP1A;TAOK2;SMARCD1;NFKB2;AOC4P;NPR2;MEF2B;PTPRU;SVEP1;GRM2;KHDRBS2;KRT9;MCF2L;C9;ARC;MSI1;LY6E;PIP5K1A;TROAP;NOS1AP;NPAS3;POU2F3;ENTPD3;DPF1;CLASRP;PKLR
prerank,RB_DN.V1_UP,0.23940538189589686,1.3012729422665903,0.14285714285714285,0.08710161855498082,0.29,35/115,16.22%,DCT;AHCY;ZW10;NXT1;SLC2A8;PRIM1;MRPL49;STUB1;ZSCAN22;PCNA;NOXO1;PMM1;RRM2;SLC2A9;MYC;ZFP30;CCNE2;MSH6;PLXNB2;SLBP;MCM6;NANS;SIVA1;RAD51C;ADGRE1;HAT1;RFC3;TMEM54;DNA2;TGM1;MCM7;TUBG1;RAD54L;PDXP;RPA1
prerank,CRX_NRL_DN.V1_UP,-0.3553961326459621,-1.2942696099832398,0.08163265306122448,0.25019135544420956,1.0,31/127,18.27%,GFAP;KCNB1;MC1R;HSPA1A;REC8;WWTR1;GUCA1B;KCNJ14;TNNT1;ANKRD33B;NR2E3;ATP8A2;PSD;AQP1;HSPA1B;COL19A1;DRD4;TNS2;RNF207;CNGA1;CNGB1;SLC24A1;CRYBB1;RHPN1;TCP11;SNTG2;CTIF;MEF2C;NXNL2;SLC16A6;ABCG4
prerank,KRAS.600_UP.V1_DN,-0.32279409398301406,-1.2924874252823988,0.010101010101010102,0.24788093660450747,1.0,68/244,22.83%,TGFB2;PNMT;RYR2;CT55;CALML5;TM4SF4;NKX6-1;RRAD;HYAL4;KRT4;GPR173;WNT16;PSORS1C1;CSDC2;HSPB8;HOXC8;VGLL3;KCNQ3;FOXI1;TNNI3;CALML3;CHRM2;CDH16;ZNF154;CHRNG;NR1I3;MYL9;SOX11;KCNMB1;MX1;ADRA2B;DPYS;YBX2;PCYT1B;CRABP2;MCHR1;CCDC102B;KLF8;SERPING1;AQP6;CNGB1;TEX15;TAGLN;NOS1;ATP6V1B1;SLC6A3;YOD1;EPHB6;SLC3A1;MX2;SPTBN2;GPR52;PTPRU;ABCG4;NRXN3;CADM4;PCDHGB6;ACTG2;HLA-DOA;PRTN3;KLK7;PLEKHH3;GRM2;CCDC33;RASAL1;MXRA8;CNR2;PDE6B
prerank,VEGF_A_UP.V1_UP,-0.3299305219999909,-1.2898484206504253,0.030612244897959183,0.2463530596263564,1.0,50/180,22.54%,SPOCK3;ENO3;TPTEP1;TRAF5;PPFIA4;GRIK2;KCNC3;MN1;ARL4C;DDIT3;CD19;LMOD1;COLQ;GABRA5;TRAF1;EPHX1;DCX;MYL9;ENPP2;CCS;CLIP3;TNS2;DBH;KCNMB1;ADARB1;CACNB1;RGS3;CORO2B;PIN4;DLG2;TUB;TAGLN;SHC2;CALCOCO1;RBMX2;MIA;PPL;APOBEC3G;NFKB2;MTSS1;GDF11;ADORA2A;LHX2;MERTK;PAX1;FMO4;ENO2;PHLDA1;ARC;TCEA2
prerank,KRAS.PROSTATE_UP.V1_DN,-0.3456728471692895,-1.2874405742562256,0.07216494845360824,0.24641813483802139,1.0,43/121,29.73%,KCNQ2;DIRAS3;MUC16;PTH1R;IGFBP3;RRAD;POU3F2;GPRASP1;KRT4;KCNJ14;ITGB1BP2;CRY2;VGLL3;PTGIS;C5;CDH16;YBX2;SERHL;OPCML;TAGLN;NOS1;EPHB6;NPHS1;BEND5;ABCG4;PLCB1;CADM4;PCDHB13;PRTN3;GRM2;TUBB4A;OXT;IBSP;MAFB;TTC21B;IDUA;GPNMB;KDM8;ARL17A;MAOB;SMO;AK5;C22orf31
prerank,KRAS.KIDNEY_UP.V1_DN,-0.33487569884067997,-1.2865507172857698,0.07142857142857142,0.24288031579115593,1.0,38/113,27.19%,RYR2;GRM4;IL23A;KCNN1;NGF;HYAL4;IL1RL2;KCND1;ASPN;EFHD1;CNN1;CHRM2;KLHDC8A;CHRNG;NR1I3;MX1;PRSS21;ACTC1;TACR2;TTLL2;EPHA5;MX2;EGFL7;NES;IFI30;GRM2;NPPB;LILRA4;ETS1;KCNF1;TMEM262;ADAMTSL2;SEC31B;PDCD1;THRB;AGRP;DDX51;ABCA3
prerank,KRAS.LUNG.BREAST_UP.V1_DN,-0.3373113971950539,-1.2770002705468044,0.09183673469387756,0.2637059449446767,1.0,29/119,18.24%,NOX5;ADD2;CALML5;TM4SF4;PAQR6;RBM17;KRT4;NSUN6;AKAP6;TRIM9;GAMT;RAG1;TNNI3;CALML3;FLT1;CDH16;MYL9;SOX11;CYP21A2;KCNMB1;CRABP2;ALDH5A1;PBX1;NOS1;ATP6V1B1;SLC3A1;SPTBN2;SERPINA10;PTPRU
prerank,IL21_UP.V1_UP,-0.32707941644459143,-1.2759165052844672,0.04081632653061224,0.2605424137334865,1.0,55/167,26.03%,DIRAS3;PTH1R;ZIC4;C6;RGCC;PAQR6;KCNC3;GRIN2A;PRR4;MYOZ3;CPA4;BCL6;PCDHA5;SPARCL1;EGR2;ABCA6;MYOZ1;NDRG4;PTPRN;GNAL;GDF9;NUDT11;PYGM;FOSB;FAM107A;DPYSL4;HABP4;CLSTN3;SEMA7A;SPP1;AIM2;OPRL1;CD79B;DNASE1L2;PCDHB13;TEAD3;AGAP2;PAX1;CXCL12;MAFK;SPRY4;TPBG;HOXB2;ARHGAP22;IBSP;SLCO1A2;GPR85;SCN8A;PIM1;NKX2-8;CAPN10;ANKRD7;EVX1;BOK;OLFM1
prerank,P53_DN.V2_DN,-0.33058897991235325,-1.258792612682877,0.09278350515463918,0.302778088525935,1.0,40/136,19.68%,KCNJ9;IGFBP6;TTR;MMP16;SSTR2;POU3F2;SLC27A6;ENPEP;NOL3;SYT17;PBX2;ADAM11;PRMT8;BMPR1B;KCNJ8;RAB17;SERGEF;PIP;SERPING1;SLC24A1;SNTB1;SERPINF1;ATP6V1B1;PER3;TULP2;SLC6A3;HCG9;SNAI1;PGF;RNF2;HOXB3;HOXA2;HOXD13;NRXN3;HSF2BP;ATP4B;RAD52;CLTCL1;PCDHB13;RECK
prerank,RELA_DN.V1_UP,-0.3345256078896217,-1.2572935126580427,0.07526881720430108,0.29832268953340757,1.0,36/139,20.96%,NOVA1;DGKI;ATP2A1;FOSL1;SLC27A6;ADAMTS13;CLK1;ATP8A2;TLX1;PPP1R15A;GADD45B;XCL1;PODXL2;KCNQ4;GHRH;CDK5R2;ESM1;FGF2;PIP;CTF1;SNAPC1;FOSB;KCNA1;VEGFA;RNF25;CHST1;SNAI1;FXYD7;P2RY11;INE1;ZFP37;ZFP36L1;AP4E1;RNF39;INTS6;CELP
prerank,KRAS.AMP.LUNG_UP.V1_UP,-0.3319976138108183,-1.2567583326590674,0.07526881720430108,0.293867656194586,1.0,39/119,22.08%,SEMA3E;NOVA1;NGF;DOCK3;FCRL2;PAGE4;ST8SIA2;HPR;DYNC1I1;NELL2;DUSP9;CSN2;MYOZ1;GCKR;TTLL3;RCAN2;GABRR1;MAN1C1;SDCCAG8;DLX5;F13A1;GRP;CELA2B;CRYBA1;TUBA8;CLSTN3;HSPA1L;PRKG2;SPP1;VENTX;SOX12;NPHS1;FGF7;EFNA3;NDOR1;MCF2L;ST3GAL6;KCNC1;OPN1SW
prerank,MTOR_UP.V1_DN,-0.3208325533546899,-1.2534423361324347,0.08247422680412371,0.29756544356191966,1.0,33/173,13.62%,KCNH3;NGFR;MESP2;HSPA1A;PI16;IGF1;THBS3;PHF1;S1PR3;CSRP2;UPB1;CRY2;CSDC2;CSAD;NELL2;DDIT3;PTGIS;AOC3;SYN2;KRT15;BACE1;SCARA3;TNS2;HTRA1;KCNK3;LTBP1;RFTN2;KAT6B;CSGALNACT2;ZMYM5;AQP5;CIRBP;MYH11
prerank,WNT_UP.V1_UP,-0.31883012651168435,-1.2510263099916734,0.11702127659574468,0.29730075272082207,1.0,56/163,27.58%,CHRNB2;PDYN;KCNJ9;KCNN1;SYT3;MC1R;MYOM1;CRMP1;LTB4R;INSRR;KCNC3;RNF112;C8G;EYA2;POSTN;RASGRP2;STK36;PLAC9;CYP2E1;GHRH;POU1F1;DNAJB13;A4GALT;LANCL2;OLR1;VAMP1;SEMA5B;ADGRB1;DPYSL4;SERPINF1;UTS2R;HOXD3;SYT9;PLA2G6;ATP4B;RAD9A;PRL;ISLR;RETNLB;OXT;RSPO1;ZFP92;DBP;MAPKBP1;CHRNA7;AP1G2;SLN;INHBB;IRX3;HS3ST1;ADAM28;PKLR;THRB;SETD6;SDC4;FGF18
prerank,PRC1_BMI_UP.V1_DN,-0.31510053564510426,-1.2498710073690247,0.1134020618556701,0.29348920460901673,1.0,33/162,16.71%,SHANK1;PADI1;CALML5;GFAP;GAS1;ITGA7;RND2;PAGE4;ATP8A2;CNGB3;PACSIN3;LMOD1;NACAD;MPPED1;SNTG1;LHX6;ANKS1B;APOBEC3F;PCDHA10;SYN1;CHRNA3;EFNA5;OPCML;FBXO17;SLC16A10;PLXNB3;SV2B;AANAT;PIK3C2G;MIA;RNF2;FLG;SPTBN2
prerank,KRAS.LUNG_UP.V1_DN,-0.33095250612232197,-1.244904393042838,0.07291666666666667,0.3037778933029751,1.0,47/121,29.44%,ADD2;CALML5;NGFR;HEY2;CRYAB;KRT4;GAS1;AKAP6;WNT16;PSORS1C1;POSTN;CACNA1F;RAG1;CALML3;CDH16;KRT15;ZNF862;COL19A1;FMO2;SH3GL3;CRABP2;CD22;PALM;SLC39A2;SGCD;SOX30;ERG;SLC3A1;SPTBN2;TSC22D4;PTPRU;KLK7;CDKN1C;MXRA8;RHCG;PDE6B;PLCH2;ATAT1;DHX58;MAFB;PPFIBP2;CYP4B1;GPNMB;HTR1B;CHRM5;SCARF1;SCRG1
prerank,YAP1_DN,-0.37706979159092663,-1.2448297579292784,0.2375,0.2981070417444732,1.0,7/37,9.08%,APOBEC2;WSCD2;SLC17A7;GOLGA2P5;HEY1;LONRF2;LINC00639
prerank,TBK1.DF_DN,0.20161271449043391,1.2379931690230734,0.0,0.11907344282615431,0.38,50/273,13.38%,SLC39A8;ERAP1;COPS4;PSMB8;PSMB9;GNPDA1;GALNT7;DSN1;ZNF395;GALNT3;ANKFY1;PAFAH1B3;RCC1;AGFG1;IL1RN;UBXN8;SLC22A5;IDE;ZNF557;CXADR;LETM1;CHMP2B;DNAJC16;DNAJC3;DCK;MPHOSPH9;NDUFA13;ETNK1;ITCH;PANK3;HNRNPA0;CCNE2;GTPBP8;CRK;PLEKHA2;GEMIN4;ZZZ3;HOOK1;ZCCHC10;CDCA4;GNAI3;HMGCS1;CDC27;NAA15;SLC26A2;ITGA2;NME6;DDX60;PRKRA;CLEC16A
prerank,TBK1.DN.48HRS_UP,0.2984159914501191,1.2241655753813026,0.05263157894736842,0.1321041214750542,0.45,13/48,12.39%,CEBPA;SDHB;CXCL2;MLEC;CHMP6;APPBP2;UBE2J1;TM9SF2;MYCBP;PSRC1;CDK4;LBR;LRPAP1
prerank,LEF1_UP.V1_DN,0.22711526156010656,1.2175705838144075,0.0,0.13760845986984815,0.48,51/176,20.86%,GDE1;TFF1;AGR2;NUDT18;CXCL2;RBM47;MOCOS;SLC44A4;ANKFY1;PRSS1;KDM5D;SH3GL2;NUDT6;ERAP2;OAS1;TMEM53;FBXL15;FPGT;PF4;IL17RB;PAK1;CFTR;NME3;TLR3;TPM1;KRT20;ATP1B1;VILL;IL33;PDZK1IP1;HOXB13;PLAC8;TCEAL1;BDKRB2;CNN3;RBP4;CPOX;TSPAN1;CCL20;ACSL5;PAPSS2;MANEA;HNF1B;XK;DECR1;SMPDL3A;CDX2;OPN3;MYRIP;BTN3A3;KIAA0319L
prerank,KRAS.600.LUNG.BREAST_UP.V1_UP,-0.3061740763767926,-1.2175054978134254,0.07,0.3715180668978633,1.0,73/247,22.03%,SNAP25;CCDC181;IL23A;ALPP;GFAP;DCBLD2;NGF;MYH2;IGFBP3;LDB3;TAGLN3;SYP;FAM120C;GRIN2A;WNT7A;KCNJ14;FCRL2;TERT;NRCAM;KIF5C;PPP1R15A;DYNC1I1;SFRP5;NELL2;DDIT3;PTGIS;TFPI;HAO2;ANGPTL4;TRAF1;SLIT2;INHBA;SIGLEC15;GPRC5D;ESM1;KRT34;NAV3;POLM;AKAP12;HAS2;ADAMTS6;CYP4F8;PRRX1;GRP;STC1;CELA2B;OR2B6;KIF5A;ARHGAP24;PLXNB3;TRIM45;MIA;S100A5;ZP4;NPHS1;SNAP91;SEMA3A;SPHK1;LHB;NTRK1;MYOC;RNASE1;LGALS14;ANO1;PRL;CXCL5;WNT1;G0S2;ADAM8;NPPB;NDOR1;ST3GAL6;KCNC1
prerank,E2F3_UP.V1_DN,-0.30275578464302677,-1.2011774534566455,0.11224489795918367,0.41865856235472526,1.0,40/143,23.00%,RARA;WASH3P;PCDHB4;GALNTL6;RSPH6A;HOXC4;SRGAP2B;FBXO27;HSD17B7P2;LHX6;RUSC1-AS1;WT1-AS;KCNQ1OT1;RNF215;MEGF6;C16orf74;FUBP3;ZNF3;PVT1;KRT80;SNAPC4;ZNF674-AS1;IRGC;UTS2R;APOBEC3G;RBM4;GRID1;LINC00662;BCO2;FAM209A;IFNE;EIF3CL;PMAIP1;CBX3;ZNF782;SH3TC1;ADAM8;CASP14;LINC00173;DOK7
prerank,JNK_DN.V1_UP,-0.3130721703384842,-1.1999589324278517,0.1836734693877551,0.41444233135697506,1.0,70/170,32.84%,KCNJ9;DRD1;PPFIA4;PRR3;MYOM1;IGFBP3;CRMP1;RRAD;C8G;SLC6A1;MMP17;ABL2;HOXC4;ACADL;EYA2;DDIT3;EFHD1;PHKG1;RUNX2;GHRH;ECM2;F11;CLIP3;SHC3;RUNX3;KRT34;ADAM12;KCNS1;SYNE1;LINC00667;OR2B6;SCN2B;PIP4K2A;MRAS;MS4A1;TDO2;ARMC8;HOXA2;CACNB2;KLK7;ABCD1;TACR1;TNNC1;KRT9;ARL4A;S1PR1;EPHA3;HTR6;YAP1;GABRR2;RGL1;EPM2A;KCNJ5;AGRP;UHRF2;PECAM1;ZNF204P;TNFSF4;ALOX12B;CLCN4;GABRP;TNNT2;CD83;BAG2;KDM5C;FAM161A;CD37;HSD3B1;AGXT;SPICE1
prerank,BCAT_GDS748_DN,-0.3717645702671851,-1.1960156708667098,0.189873417721519,0.41927029229859525,1.0,11/41,17.66%,TTR;SLC27A6;GAS1;PMFBP1;MYBL1;ZNF273;CNPY3;CHMP4A;ISYNA1;ZBED5;SLC35E3
prerank,PTEN_DN.V1_DN,-0.30970698196074586,-1.194634579233786,0.11224489795918367,0.4169075782643767,1.0,34/159,15.12%,BTBD18;KCNMB3;ANKRD34C;KRT81;FOSL1;MATN3;HEYL;WNT16;HPCAL4;GPM6A;CDO1;KCNJ10;TWIST1;CDH10;ABCA6;DMP1;ANKRD53;ZNF556;FST;ZNF667;FBXO17;TLE6;ETV5;SUGCT;NEB;FOLR3;SEMA4D;TGFA;CAND2;SV2B;SGCE;ADCYAP1R1;PIK3C2G;OPRM1
prerank,PRC1_BMI_UP.V1_UP,-0.30473981135206624,-1.1925422968294939,0.17582417582417584,0.4172330855491821,1.0,50/165,25.56%,IDO1;SLC6A15;FGF12;GRIN2C;ACTL8;MYL3;ATP1B2;CD5L;HSPB7;PCDHB12;NIN;DMD;ARL4C;PAX6;PTCH2;RGS16;RIC3;KRI1;EGR2;PAX5;PELI1;ZNF117;YBX2;CNGA1;SDCCAG8;CACNA2D3;KIF5A;MYT1;BHMT2;CDK6;TNN;RBM4;AOC4P;COL10A1;FAM153A;PRND;AZU1;AGAP2;MAFK;GRM2;NEIL1;ABCB4;ZBTB10;RIPK4;LIME1;PMEPA1;SLC1A2;CDK17;GNG3;TOR1AIP2
prerank,KRAS.AMP.LUNG_UP.V1_DN,-0.31172638178282364,-1.1907909797727159,0.12371134020618557,0.41438203568063015,1.0,41/126,27.43%,SHANK1;KCNN1;SYNGR3;HEY2;SNCB;GRIK5;HDAC7;CRY2;MMP13;SYNPO2L;HOXC8;CACNA1F;RAG1;C5;APC2;CEND1;SNTG1;ZNF862;EPYC;CORO2B;CTF1;HOXC11;GP1BA;SLC6A16;ADAMTS5;KREMEN2;ABCD1;LILRA4;GNAT3;CD34;PLCH2;RAPGEF3;POU2F3;DNM1;WDR33;RPA4;RBFOX1;PDCD1;P2RY4;TSGA10;KMT2A
prerank,CSR_LATE_UP.V1_DN,0.20992381802081936,1.1901902534758813,0.0,0.1609672068393518,0.55,26/138,13.30%,FDFT1;CCL11;HMGCR;FTH1;STARD4;LONRF1;MAMLD1;BCL10;FADS2;ELOVL6;DENND2A;SOD2;IL1B;ALPI;FDPS;VAMP5;TOX;CHST2;ADORA2B;UBE2L6;ACVRL1;PLCD1;TMEM258;HMGCS1;ACKR4;MSMO1
prerank,ATF2_UP.V1_UP,-0.2972543311379109,-1.1866999941319833,0.14,0.42155722116567845,1.0,53/169,25.33%,MAP2;ANKRD34C;KRT81;APOD;ALOX12;KRT7;VRTN;TSPAN32;PODXL;RSPH6A;TRIM9;REEP2;ASPN;CD19;EFHD1;PRMT8;UPP1;CHRNG;GNA14;FOXM1;PELP1;C2CD2L;KCNK3;SCUBE3;CORO2B;PACS1;NEFM;KISS1;PLXNB3;NFKBIL1;RNF2;STEAP1B;TSC22D4;MNAT1;NES;NRXN2;FGFBP1;PAX1;BRAP;G0S2;PCP4;CNTN5;ISLR;DIP2A;ARHGAP22;DNASE2B;GZMK;ARSJ;KCNAB3;FGF16;INPP4B;ADAM28;ABLIM3
prerank,ESC_V6.5_UP_EARLY.V1_UP,-0.29478076864465175,-1.1848016748229042,0.18556701030927836,0.4200409331736597,1.0,45/149,25.91%,FGF5;SYT3;PHF21A;DOC2A;CGNL1;PRICKLE1;GPRC5B;TERT;PMFBP1;POU3F1;PURB;AGER;SOX11;SLC29A4;ENPP2;AQP2;PDZK1;SYT8;LEF1;GATAD2B;ADAMTSL4;F13A1;PARP6;RPRD2;SLC5A11;VPS39;RYR3;STIM1;RASAL2;DLL3;OTX2;BBX;PCP4;WT1;KCNC1;C9;GDPD3;DEPTOR;SPOCK2;ATP8B2;SATB1;DLC1;RUNX1;GABRR2;WIPF1
prerank,MTOR_UP.N4.V1_DN,-0.3014969515184971,-1.1825575498286849,0.1111111111111111,0.4224465823917664,1.0,43/165,20.74%,RYR2;TPM2;FOLR1;SRGAP2;CLK1;ATP6V1G2;MSANTD2;NFE2;ZNF394;RCOR3;KRBOX4;RAG1;TFPI;ZBTB20;C1orf56;HSPBAP1;CYP2E1;SLC23A2;CUX1;SENP7;ZNF117;PBXIP1;TPP1;TRA2A;FBLN5;SPRY1;LINC00342;CBX7;BTG2;ZNF34;DPY19L2P2;ZNF271P;ST18;ATF7IP;EFHC1;MME;SYF2;SYNE2;ADORA2A;ZNF268;TMEM80;CARF;ZNF682
prerank,ESC_V6.5_UP_EARLY.V1_DN,-0.3047875875255135,-1.1816380400945445,0.15625,0.41884678695283906,1.0,45/150,24.39%,IGFBP3;GAP43;UTS2;CAV1;HES7;CRY2;SERPINE1;MGP;NAB2;SNTG1;PKD1L3;INHBA;SCARA3;BGN;HTRA1;FGF2;COL11A1;PARVA;C16orf74;CALD1;CCDC80;AEBP1;GBX2;TAGLN;KCNA1;BHLHE40;CSRP1;TIMP2;MRAS;PBX1;SERPINF1;CCDC34;GSN;CMTM7;ZFP36L1;LTBP3;FAP;ALCAM;TSHZ2;COL3A1;ABCA7;COL1A1;INHBB;COL16A1;COL1A2
prerank,CRX_DN.V1_DN,-0.29596914755421116,-1.1765369016420841,0.19148936170212766,0.4278661273632397,1.0,41/124,27.73%,GDAP1L1;CAMK2B;GFAP;BACH2;APOBEC2;CCKBR;FABP7;CHRNB4;FRMD6;NAB2;GHRH;MYOZ1;CHRNA3;RGL3;LDB1;SERPING1;PHOX2B;SEMA5B;TMOD1;JAM3;RAI14;SH3BP4;MYOCD;PLEC;TECTA;CALCA;C1QTNF6;TIMP1;CAPN12;SPSB2;NAB1;FOXD1;B3GNT2;INHBB;ATP8B2;COL16A1;PPP1R14A;S100A16;COL4A2;SOCS3;SMOC2
prerank,P53_DN.V2_UP,-0.3100786659244233,-1.1743490626984578,0.1595744680851064,0.4293562349944495,1.0,52/128,32.84%,CD5L;FCRL2;CA3;RND2;POU6F1;MMP17;MMP13;RGR;INSL3;ANGPTL4;CDH4;CLCF1;CYP17A1;SYN1;KCNMB1;PKD2L1;CACNG2;DPYS;KCNK3;ADAM12;ETV5;GP5;PPEF1;PCDHA6;P2RY11;PRTN3;SARDH;RNF39;AVPR2;CXCL12;CXCL5;POU2AF1;RHD;RIPK4;PIDD1;FGF22;EVX1;DPF1;TNNI3K;OSGIN1;SDC4;TDRKH;LRRC32;NFKBIA;CD83;RFX2;XAF1;HS3ST2;ANGPTL3;IL1RAPL1;WNT3;INPP5D
prerank,KRAS.BREAST_UP.V1_UP,-0.2988630319985426,-1.1485537125849272,0.24742268041237114,0.5148862492245421,1.0,24/118,13.27%,PSCA;SNAP25;ALPP;IGFBP3;TAGLN3;SYP;KCNJ14;WNT16;FCRL2;TERT;PPP1R15A;NFE2;TFPI;TRAF1;FMO2;ESM1;KRT34;KCNK3;AKAP12;HAS2;EFNA5;PRRX1;STC1;KIF5A
prerank,BCAT.100_UP.V1_DN,-0.38527816497984874,-1.1465274720452272,0.3157894736842105,0.5135729229454027,1.0,7/27,19.48%,TTR;DOCK3;SERGEF;PIP;KLHL4;FZD4;AMH
prerank,CRX_NRL_DN.V1_DN,-0.3073661751737156,-1.143673926427774,0.25,0.5168758184558083,1.0,25/115,16.37%,CAMK2B;TCAM1P;CCKBR;GRIK2;ABCC9;FABP7;CHRNB4;NIN;KIF5C;CNGB3;FRMD6;C14orf132;MFNG;RBP7;CHRNA3;RGL3;ADAT2;NR4A1;PYGM;JAM3;IL17D;RNF25;SGCE;RASGRF2;MYOCD
prerank,AKT_UP.V1_DN,-0.292925437906974,-1.1376080589487823,0.1717171717171717,0.530007733575879,1.0,48/181,21.89%,CAV2;SYPL2;PI16;PHF1;S1PR3;GAS1;TNFRSF19;TULP3;SFRP2;UPB1;ITPKB;CSDC2;PTGIS;SLC22A12;ANGPTL4;CDH16;KRT15;FMO2;GNA14;SCARA3;ZEB1;TNS2;HTRA1;ZNF385A;KCNK3;RTKN;GATAD2B;EDARADD;ADHFE1;GALNT16;AQP5;CAP2;TPD52L1;RNF25;ITGBL1;SLIT3;C11orf71;BEX4;PDLIM3;SIRT3;MYOC;PAQR7;RECK;MERTK;PDZRN3;NR1D1;ISLR;EXOSC1
prerank,TGFB_UP.V1_UP,-0.2865929477866486,-1.1350415320533218,0.21428571428571427,0.5320921164080354,1.0,52/178,25.28%,NGF;RGCC;RRAD;BHMT;CRYAB;NFATC4;PXDC1;WNT7A;CAPRIN2;WNT16;LMCD1;ACSBG1;GADD45B;MATN1;CLCF1;PPP2R2B;AKAP12;SCHIP1;ELK3;STC1;FERMT2;CSNK1E;TAGLN;ITGA5;BHLHE40;FGF1;KHDC1;SMTN;RUSC2;SNAI1;ABTB2;LARP6;JAM2;SPHK1;CHST11;RGS11;ZFP36L1;CARF;TUBB4A;SMURF1;LTBP2;FOXD1;PPP1R13L;MYBPC2;PDGFB;COL16A1;BMPR2;PMEPA1;MAFB;DLC1;DACT1;CDK17
prerank,DCA_UP.V1_DN,-0.2868397869955083,-1.1279210728877809,0.2708333333333333,0.549023979428647,1.0,51/164,28.05%,ENO3;SNCB;CX3CL1;SHOX2;ZNF248;GRID2;ZNF84;FGF9;MSANTD2;TAF1C;CDON;WDR91;CDH16;CDK5R2;PPP1R12B;C2CD2L;ETNPPL;TSC22D3;NR4A1;CDK10;PHKG2;SLC16A10;NUDT11;LRRC37A2;NPIPA1;ACIN1;RALGDS;PRRX2;STEAP1B;CNTLN;MNAT1;SETD4;ARHGEF9;CST7;AGAP2;TRIM52;MSH5;TBX6;NOL8;S100A14;COL21A1;SETBP1;TNRC18;ASIC4;PLK3;PPP1R13B;SLC22A17;ZNF821;LAMA3;VPS52;PRPF38B
prerank,PRC2_EZH2_UP.V1_UP,-0.2820465719135439,-1.1244827072278125,0.2653061224489796,0.555356676734907,1.0,51/180,25.39%,SLC16A8;SLC6A15;NOVA1;DCBLD2;PPFIA4;ACTL8;RGCC;SLC2A3;DMD;ARL4C;RGS16;KCNJ10;ETV1;ASPN;PCDH9;CD70;AHNAK2;ANGPTL4;PCBP3;SRD5A1;ESM1;PTBP2;CORO2B;FOLR3;SLC5A7;TUB;TMEM100;BHMT2;KCNA1;CNIH3;PRKG2;YOD1;ALDH1A3;BPGM;COL10A1;NES;SEMA3A;PLCB1;COL4A5;ANGPTL2;KLK7;GFPT2;B4GALNT1;TTLL7;RGS17;SETBP1;ADGRL4;CLIP1;PMEPA1;ABLIM3;POMT2
prerank,RAPA_EARLY_UP.V1_DN,-0.28243315927105134,-1.1203990818827572,0.28,0.560419402740339,1.0,42/167,24.22%,HSPA1A;IGFBP3;CRMP1;GPR12;KRT4;MROH5;PAX2;PRELP;PHYHIP;CRY2;ARHGAP4;PSD;FOXI1;AOC3;NUMA1;FLOT1;THOC1;ZNF3;MAP1A;KISS1;FAM168A;CYP2A7;SNTB1;SNAPC4;TNN;ABTB2;COL10A1;IL11RA;F10;LHB;TH;HDAC6;LMNA;TACR1;GRM2;RAB5B;PLXND1;FAM182B;GALNS;WNK1;TROAP;GDPD5
prerank,CSR_EARLY_UP.V1_DN,-0.30265336978362817,-1.120016415033462,0.21875,0.5540480070628857,1.0,48/122,32.54%,SLC7A14;NPHP3;SIX1;ANKZF1;RABGAP1;MAB21L1;C14orf132;ALDH1L2;ACCS;ZNF33A;PRRT2;CDRT4;LDB1;GFRA1;ADAMTSL4;GDF5;ELMOD3;ALDH1A1;ASPA;CIRBP;ACBD4;ZNF467;UBN2;ATF7IP;ACYP1;DCP1B;TRIM56;YEATS2;PAN2;STX16;ZFYVE1;STAT2;COL1A1;NSUN5P2;RAPGEF3;MPPE1;PMS2P1;SAG;RNF20;ARL4D;NATD1;DAAM2;CKB;SLC9A7;XAF1;SULF1;ABCC10;IGLL1
prerank,RELA_DN.V1_DN,-0.3018925933270885,-1.1141013506698845,0.2391304347826087,0.5651594138046762,1.0,32/123,22.41%,PSCA;ATP6V0A4;HAS1;MYOM1;MMP16;FTCD;UTS2;CALY;PSD;NFE2;C7;CDON;TNNI3;BMPR1B;TRAF1;CUBN;SSX1;VEGFC;DNMT3A;KLF8;GDF5;CLCN1;HRC;HOXD3;SEMA3A;NRXN3;TACSTD2;MYOC;KLK7;SPRY4;GCNT1;OXT
prerank,KRAS.DF.V1_DN,-0.2860491130488785,-1.1096708905249935,0.29591836734693877,0.5742230968965091,1.0,47/171,24.52%,PTPN14;SLC30A3;RPRM;NGF;TGFB3;CAMKV;IGFBP3;GAP43;PXDC1;SYP;BCAM;UCHL1;HOXC8;C6orf15;RAB6B;PCBP3;ZNF512B;PAK3;PAX5;NRP2;LANCL2;HOMER2;TRA2A;SLC17A1;SSTR3;CTAGE9;SYNE1;KLF15;RAB3IL1;WASF1;TAGLN;ROBO3;TMEM45A;DVL3;CDK20;FAM153A;MPP3;COL4A5;RNF122;RNF39;COPZ2;MXRA8;CNR2;ALG13;HMGN3;KIR2DL1;GPATCH2
prerank,MEK_UP.V1_UP,-0.27749513270233045,-1.0960954048550584,0.2708333333333333,0.6168932868228091,1.0,47/185,21.87%,KRT81;GPX3;SIX2;APOD;FOSL1;KRT7;CLDN9;BCAM;CYP1B1;ARL4C;PACSIN3;PCDH9;FHL1;CRLF1;UPK2;ANGPTL4;EPHX1;PTMS;TTC9;TBC1D8;PEG10;PACS1;ETV5;FERMT2;SAMD4A;TIMP2;IGF2BP2;SGCE;RAI14;MEF2C;SPTBN2;LGALSL;ALDH1A3;ANOS1;PRKCH;LAMC1;PTPRU;AKR1C2;CHST11;COL5A2;MYO5A;MAP3K9;ALDH3A1;ENO2;GCNT1;PDLIM7;TNFRSF21
prerank,SRC_UP.V1_DN,-0.2783742990408522,-1.0928455202604233,0.2916666666666667,0.6222107962515167,1.0,42/153,22.43%,RARA;SLC7A14;KCNMB3;WASH3P;PCDHB4;S1PR3;GALNTL6;ST8SIA2;MN1;CSAD;SNX32;PAK3;WT1-AS;PTBP2;SPDYE1;NRP1;MEGF6;PCDH19;ZNF3;COL8A1;TMOD1;TTC14;IFITM10;PIK3C2G;IRGC;UTS2R;ZNF789;SYT1;GRID1;CDK11B;FAM153A;EIF3CL;SYT15;TRIM73;MGARP;CAPN12;CXCL5;ZNF782;ZNF721;HOXB2;GDPD3;MIR17HG
prerank,KRAS.LUNG.BREAST_UP.V1_UP,-0.28552129122233405,-1.0901461429033552,0.3229166666666667,0.623903786706241,1.0,37/124,22.62%,SNAP25;CCDC181;IL23A;MYH2;IGFBP3;LDB3;TAGLN3;KCNJ14;FCRL2;TERT;KIF5C;NELL2;ANGPTL4;TRAF1;INHBA;ESM1;KRT34;NAV3;POLM;HAS2;ADAMTS6;GRP;STC1;OR2B6;KIF5A;ZP4;SNAP91;RNASE1;PRL;CXCL5;G0S2;ADAM8;NPPB;NDOR1;ST3GAL6;KCNC1;ETS1
prerank,CAHOY_ASTROCYTIC,-0.2912149577452279,-1.088776029621941,0.2903225806451613,0.6204406253495917,1.0,14/95,8.36%,SCG3;SEMA3E;HEY2;SLC6A11;SYPL2;GRIN2C;COLGALT2;TNFRSF19;ABHD1;BMPR1B;PHKG1;PAK3;IL17RD;CHRDL1
prerank,JAK2_DN.V1_UP,-0.2761799683625928,-1.0872112246017074,0.3163265306122449,0.617611962561062,1.0,49/156,27.09%,GRM4;SNCB;PXDC1;PCDHB12;AKAP6;GRID2;DMD;HPR;TLX1;CYP1B1;AFF3;ZFHX4;PDZRN4;NELL2;DUOX1;EGR4;PHF14;HCRTR1;RAB17;ZEB1;DMP1;KRTAP5-9;PLSCR2;KRT85;HOXD12;KISS1;TUBA8;ADGRB1;ADCYAP1R1;CLCNKB;LBX1;GPR52;JAM2;FOXE3;PRDM12;SLC28A1;WNT1;GFPT2;FOXD1;C9;COL6A3;ABCB4;CPED1;EPHA3;CYP2B7P;IMPG2;SLC22A17;ACTA2;ZNF821
prerank,AKT_UP_MTOR_DN.V1_DN,-0.2693303369632418,-1.075419303849691,0.3469387755102041,0.6512944100802458,1.0,37/176,15.55%,JPH3;CAV2;PRKRIP1;PI16;CADM3;S1PR3;GAS1;TNFRSF19;TULP3;MLXIPL;ITPKB;SFRP5;SLC22A12;ANGPTL4;CDH16;GNA14;CHRDL1;NDRG4;POLM;KCNK3;LANCL2;RTKN;MSX1;RTN1;GATAD2B;TBCE;ADHFE1;GALNT16;AQP5;CAP2;ISYNA1;RNF25;KRBA1;VPS33B;ZC3HC1;C11orf71;BEX4
prerank,GCNP_SHH_UP_LATE.V1_DN,-0.2738457142371283,-1.0731976693937062,0.3163265306122449,0.652448253692699,1.0,44/166,26.94%,PTH1R;ART5;SLC30A3;PPFIA4;TGFB3;GRIN2C;DLG4;CX3CL1;GRB7;ITGA7;ANKRD33B;F8A1;EEPD1;CNN1;AGER;VEGFC;SLC25A45;NRP2;DLX5;SERPINF1;GP1BA;EPHB6;RMDN3;AMOTL2;PTPRU;ZFYVE19;RBBP6;PDCD7;DHODH;WIPI2;PTPN18;TNNC1;S1PR1;TCEA2;BCL2L2;LYSMD1;PIP5K1A;FRRS1;RHD;EPHA3;MED12;MEF2A;SLC11A1;FOXD3
prerank,NRL_DN.V1_UP,-0.3003760624763454,-1.0721822518563893,0.3434343434343434,0.6489160660348713,1.0,27/125,17.97%,HAS1;KCNB1;MC1R;GRIK5;KCNJ14;DIRAS1;NR2E3;ATP8A2;CSDC2;TRPC1;APC2;AQP1;COL19A1;CDK5R2;RNF207;ELAVL3;NGDN;CNGA1;CNGB1;SLC24A1;RHPN1;TCP11;SNTG2;CTIF;MEF2C;SLC16A6;NLGN2
prerank,CRX_DN.V1_UP,-0.28598551168428266,-1.0668358212329467,0.3711340206185567,0.657604153642663,1.0,25/119,17.55%,MC1R;HSPA1A;GUCA1B;KCNJ14;SYNPO2;RGR;SGCG;AQP1;HSPA1B;COL19A1;GCKR;RNF207;SLC17A1;C16orf74;CNGB1;SLC24A1;RPE65;CSGALNACT2;MYLK;RHPN1;TCP11;SNTG2;MEF2C;NXNL2;ONECUT1
prerank,RAPA_EARLY_UP.V1_UP,-0.27206680767617475,-1.0632155802401708,0.3434343434343434,0.66153997247494,1.0,37/152,20.92%,GRIN2C;VGF;FABP7;CACNA1C;CLK1;LINC01138;CDON;CHD5;MPPED1;CDH4;MATN1;ALOX15;PLA2G5;SHC3;PDE1B;IRF7;EFNA5;ATG13;CDK10;MPO;AEBP1;DLX5;CCDC9;SLIT1;ITGA5;SCN2B;TIMP2;CTSD;PPIP5K1;COL6A1;SNCG;RAD9A;COL5A2;PLEKHA6;AVPR2;FKBP1A;ARHGEF15
prerank,BMI1_DN_MEL18_DN.V1_DN,-0.2845793123198263,-1.0581176331182,0.4,0.670598809555956,1.0,41/137,27.52%,EYA4;DIRAS3;SEMA3E;CUX2;GPX3;ITGA7;REEP2;TCEAL2;STON1;ASPHD1;NR2E1;EFHD1;CRLF1;CDH10;PENK;CLIP3;NEFH;EPYC;SERPINI1;GAS2;NMNAT2;TMOD1;C1orf54;MIA;KLF3-AS1;LMO3;AK1;OSBPL10;LEPR;ID4;APOE;PCP4;TCEA2;BMI1;LY6E;SSPN;SEC31B;KANSL3;BST2;OGDHL;DOK5
prerank,EGFR_UP.V1_UP,0.203279157507182,1.0520381736985005,0.25,0.522475295251868,0.95,58/184,20.64%,MMP10;CCL22;SEL1L3;S100P;ETHE1;FGB;PSMB9;PSMB10;F2RL1;WNT5A;S100A8;GLRX;SLC12A2;S100A9;MMP1;CCDC68;BACE2;TAP1;WIPI1;SLC4A7;GK;KLF4;CXADR;ETS2;IRF1;PGM3;CASP7;PTPRE;GABBR2;SGMS1;NT5C2;BCL3;CEACAM6;ITGA2;RND1;FGG;IMPA1;SLCO2A1;VAV3;DBNDD2;KCNS3;LPIN1;SEC23A;MALL;EPAS1;PAPSS2;CEBPD;CTNNAL1;GCLM;CYP27B1;ABCC3;ASPH;RPS6KA3;RAB27A;PIGA;FNDC3B;DRAM1;HSPA2
prerank,ALK_DN.V1_UP,-0.2694628995128841,-1.0513932129968322,0.3723404255319149,0.6859198456203155,1.0,38/122,27.67%,ACTL6B;KRT81;RBM17;AQP7;CA3;ARHGAP4;ETV1;BMPR1B;ANGPTL4;VEGFC;ENPP2;DMP1;ADAM12;CCL19;MPO;GDF5;VEGFA;TTLL2;MRAS;NFKBIL1;SPP1;TDO2;PDZD7;NTRK1;FAP;CXCL5;ANGPT2;LMX1B;VSTM4;CATSPERG;CXCR5;FAM110D;ADAM28;ENTPD3;ASNS;FLVCR2;NNAT;FJX1
prerank,BCAT_GDS748_UP,0.2552677083810749,1.0471779375887864,0.4,0.5148418769265898,0.96,9/44,11.59%,ASRGL1;SLC39A14;PKP2;AQP3;DDAH1;MYB;CA2;PLEKHB2;GADD45G
prerank,MEL18_DN.V1_DN,-0.27673123026834906,-1.0438101209854629,0.3711340206185567,0.706492569487827,1.0,31/134,21.04%,EYA4;DIRAS3;SEMA3E;CUX2;EBF2;DMD;TCEAL2;STON1;SYT17;EFHD1;MPPED2;CDH10;PENK;GNG7;CLIP3;PLN;PCGF2;CRABP2;SERPINI1;GAS2;NMNAT2;TMOD1;C1orf54;MIA;TCAF1;AK1;OSBPL10;PLCB1;ID4;APOE;PCP4
prerank,ATF2_UP.V1_DN,-0.25592337843752005,-1.0438015536354308,0.41237113402061853,0.6986426520490734,1.0,42/170,21.44%,MYH3;BHMT;SHOX2;GAS1;GUCA1B;GPRC5B;KEL;FGF9;MN1;CYP1B1;STON1;CDK5RAP2;TAF1C;PTGIS;SGCG;COMP;CRLF1;POGZ;PLN;KCND2;C1RL;PIP;HEXIM1;ABCA8;NPIPA1;BHLHE40;ITGBL1;SLIT3;PNMA2;PER3;PDLIM3;PPL;CYBRD1;FGF7;SFRP4;ROR1;SVEP1;GOLGA8A;ID4;CXCL12;NPPB;HOXB2
prerank,ERBB2_UP.V1_UP,-0.2659607618643074,-1.0402008995108716,0.43157894736842106,0.7041590806553331,1.0,27/178,11.27%,ATP6V0A4;KRT81;VTCN1;RPRM;APLP1;KRT7;TNNT1;ZNF365;BCAM;BCL6;CYP1B1;PACSIN3;GAMT;CRLF1;UPK2;BMPR1B;ANGPTL4;EPHX1;PTMS;HEY1;KCNMA1;SPAG4;SERHL;TTC9;TBC1D8;PACS1;ETV5
prerank,CSR_LATE_UP.V1_UP,0.214988702868001,1.0308253579225577,0.0,0.5378524945770065,0.97,55/155,22.54%,NDC1;MMP3;DCTPP1;PBK;PGM2;UTP18;GMNN;MAZ;PRIM1;MT1X;NSG1;ALKBH7;BIRC5;CIAPIN1;RRM2;NUP88;SHCBP1;WSB2;IL7R;CDC6;POLD1;YEATS4;LMNB2;SLC16A3;GINS3;ACTL6A;FARSA;POLR3K;CKAP2;HAT1;UHRF1;MT1F;PRMT5;NUDCD1;TUBG1;CDCA8;SRM;PPP5C;PSMD14;TUBA4A;COPS3;SSTR1;MT1G;CXCL6;ITGA6;DTYMK;CDK1;PSMD2;POLE3;TRIP13;CTPS1;PAICS;EZH2;MAPRE1;ILF2
prerank,BCAT.100_UP.V1_UP,-0.3124817348616082,-1.0307857559024776,0.4186046511627907,0.7295662144875655,1.0,17/46,31.44%,PPP1R1A;ENPP2;SERPINI1;ETV5;SORBS2;DUSP6;ENO2;GCNT1;BIK;RUNX1;SLC7A8;FLVCR2;EFEMP1;DBNDD1;DKK1;ARHGEF5;ITGA9
prerank,YAP1_UP,0.22800041533359577,1.0299479245474064,0.4090909090909091,0.5167338084908584,0.97,7/41,6.07%,FAM167A;RPN2;SNX7;COX8A;PTPMT1;FAF2;SIAE
prerank,PKCA_DN.V1_UP,-0.26825105758796114,-1.0194874358862145,0.46875,0.7625555286908762,1.0,34/138,20.45%,NECAB2;GFAP;LTB4R;SPTBN4;TET1;UPB1;GPR155;GSTA2;YJEFN3;TCHH;EGR4;CYP11A1;BSN;NR1I3;SLC23A2;PACSIN1;GNAO1;OAS2;C3orf62;HOXB4;KLF15;TUB;WNT10A;ELMOD3;TUBB2B;ORMDL3;NOS1;NXNL2;USP27X;PRODH2;KERA;PAQR7;RNASE1;PLXNA3
prerank,GCNP_SHH_UP_EARLY.V1_DN,-0.26179701207169714,-1.019114973646119,0.46938775510204084,0.7554839776927782,1.0,40/152,23.41%,JPH3;SIX4;TERF2IP;PCP2;PHLDB2;EEPD1;MGP;CNN1;GABRD;DCAF8;GNA14;PDE1B;GLB1L;PLK2;HAS2;CRYGS;CRABP2;MAP3K12;AKR1C4;MAP4K4;ELMOD3;JAM3;LAMB3;SLC43A3;WWC2;MX2;KIAA1217;HOXB3;AMOTL2;RRAGD;PTGER3;FRMD5;LTBP3;MERTK;NPPB;RSPO2;GCSAM;ETS1;LRRC57;DBP
prerank,IL15_UP.V1_UP,-0.26270304755698815,-1.019053424513555,0.46236559139784944,0.7475315147696964,1.0,43/172,24.60%,PNMT;CALML5;PTH1R;KCNJ9;RGCC;FOSL1;APLP1;CPA4;FAM3C;DLX2;NOX4;REEP2;RGS16;HOXC8;EGR2;SPOCK1;GADD45B;CENPT;RGS3;CLSTN3;HSD17B14;ZNF276;SPP1;AIM2;LGALSL;AP3M2;PLEC;DUSP6;PTGER3;MAFF;ZBTB48;PAX1;PLXNA3;CXCL12;MAFK;TNFRSF21;C9;SNHG17;SLCO1A2;INHBB;LIME1;PIM1;HS3ST1
prerank,RB_P130_DN.V1_UP,0.1986443519659835,1.018257204060666,0.3333333333333333,0.5447150463419445,0.98,31/117,16.45%,ORC1;HINT1;LITAF;SDF2L1;PARS2;DCTPP1;POLR2I;CRB3;EFTUD2;FADS2;BIRC5;GFER;ATP2A3;RACGAP1;PF4;CASP7;RASD1;WNT2B;SLC29A1;CYBA;TINAG;RIPK3;KIF20A;OXLD1;ANAPC5;EIF1B;ART1;RASGRF1;AURKA;CCNB2;GPN3
prerank,NOTCH_DN.V1_DN,-0.26446652248029656,-1.0169871348006725,0.4329896907216495,0.7474339970913974,1.0,46/158,24.15%,KCNN1;PPFIA4;DOC2A;CRMP1;SUSD4;ITGA7;NSUN6;SERPINE1;CNGB3;CRHR2;ACADL;CCDC81;KLHL12;PHKG1;LHX6;SP140;PKD2L1;LINC01140;FSTL3;CR2;AIPL1;KLF15;TUBB2B;RAB3IL1;KCNA1;VN1R1;CLSTN3;SHC2;CPNE6;C3orf18;DCLK2;CHST1;AMOTL2;ZFP37;IFI30;SAMD4B;ID4;SPRY4;SH3TC1;KRT9;LY6G6E;GNAT3;SNED1;NOTCH3;PTCRA;SLN
prerank,ESC_J1_UP_LATE.V1_DN,-0.2562395312511279,-1.0151760982106648,0.4536082474226804,0.7461465626704711,1.0,49/159,28.64%,NGFR;PCOLCE2;DOC2A;CRMP1;GAP43;TET1;MSANTD2;PTCH2;PTGIS;RASGRP2;TRPS1;ANGPTL4;VEGFC;MMP11;DPYS;NEFH;SLC4A3;TBCE;GBX2;TUBB2B;CIRBP;BHLHE40;MRAS;VPS33B;NPHS1;JAM2;AMH;DHODH;ACACB;SPRY4;INTS6;ERAS;BMS1;TCF15;PSMA8;GFPT2;EXOSC1;LCK;WDR75;MCF2;DLC1;GNG3;STK4;NNAT;SOCS3;FGF18;NXF1;PDGFC;TLE4
prerank,ESC_V6.5_UP_LATE.V1_UP,-0.2624543721019076,-1.0124206421890003,0.4895833333333333,0.7477894390780141,1.0,38/170,21.26%,CYP26A1;PTH1R;GPX3;FGF5;TTR;GRIK5;MYL3;GAS1;PRICKLE1;PODXL;POSTN;NRK;H19;HEY1;CUBN;BVES;RGL3;LHX1;GATAD2B;NUDT11;CHST15;SAMD8;FXYD2;GSC;IGF2BP2;SGCE;SLIT3;PDLIM3;RHOU;CDH2;DPP4;RASAL2;RECK;PDZRN3;OTX2;BBX;TNNC1;P4HA2
prerank,STK33_SKM_DN,-0.24634984559711412,-1.0039613313699907,0.48484848484848486,0.7701508880052342,1.0,51/249,17.49%,RPL3L;SLC6A15;ZEB1-AS1;PFKFB1;SLC35F1;PHACTR3;PODXL;AFF3;IL12RB2;RGS16;NFE2;GRB14;THBS4;MTR;GABRA5;NPR3;ALDH1L2;CC2D2A;C2orf68;CDC42EP3;STK33;MSRB3;SH3GL3;PCGF2;OBSL1;HMGA2;CALD1;NHSL2;SPRY1;NUDT11;CACNA2D3;LINC00926;GAS2;PRTG;ANKLE1;BANK1;GBX2;TEX15;LAMB3;SNTB1;TPD52L1;SLITRK5;KHDC1;TMEM45A;SBDS;BICD1;APBB2;FOXP2;BEND5;SV2A;ADAMTS5
prerank,HOXA9_DN.V1_DN,0.26183637979622876,1.0,1.0,0.5472885032537961,0.99,40/178,13.82%,ORC1;NDC1;GABRA4;HMGCR;NFATC3;EPS8;NPTX2;KCTD20;ZNF395;FADS2;TMEM106C;ELOVL6;EPB41L2;GINS1;SSR3;MEX3D;ARRB1;LPCAT3;BFAR;LMAN1;GINS4;SHMT1;CDC6;PLK4;GINS3;CDC45;SERINC5;SLC29A1;GNA13;BRCA2;DCTN4;RNASEH2A;RB1;HMGCS1;CPNE3;TEX264;MSMO1;RAB33A;SOX18;HSPA6
prerank,TBK1.DF_UP,0.16280017864493762,1.0,1.0,0.5472885032537961,0.99,60/269,17.04%,TEX2;RHOBTB1;CXCL8;ENDOG;NFKB1;S100A8;TMED5;FKBP1B;CXCL2;VAMP3;KCTD14;UBA3;RLN2;PAQR3;BID;IQCK;GINS1;IL1A;CCDC68;MEX3D;MCAT;TNFAIP1;CIAPIN1;TRIM36;GOLPH3L;TIMP4;ZC3H12A;PPP3CC;PKNOX1;SNX11;PLEKHF2;IGSF3;TBPL1;PNP;ZFYVE16;CDK8;CASP7;NME3;MINPP1;ARIH2;NT5C2;ADGRE5;CNNM4;RB1;PCTP;ATPAF2;SNAP23;TNFRSF10B;SCO2;TMEM104;LANCL1;SNCA;NUDT4;TNFAIP3;MAST3;PRSS3;SLC37A1;PID1;NF2;LIPG
prerank,KRAS.DF.V1_UP,0.2017491556631247,1.0,1.0,0.5472885032537961,0.99,35/185,12.62%,NAT1;CXCL1;IL13RA2;TMEM160;S100P;TFPI2;CXCL3;PLIN3;PPM1D;CXCL8;PROCR;FKBP1B;SEC24D;GLRX;DSN1;FAR2;IFITM1;MMP1;FADS2;SCAND1;SLC4A7;TIMP4;CHRNA5;TMEM158;BORA;GLMN;ETNK1;RPS6KA5;SERPINB1;PTPRG;ADGRE5;DLGAP5;BCL3;IFI27;SLC26A2
prerank,MEL18_DN.V1_UP,-0.2572078045874321,-0.9886613368553638,0.4891304347826087,0.8175897751426335,1.0,45/140,28.76%,TGFB2;FOSL1;CPA4;ARL4C;INHBA;ABCC5;VEGFC;P2RX5;C2CD2L;NRP2;NRP1;ADAM12;HAS2;GDF5;CRISPLD2;LAMB3;ITGA5;VEGFA;SPP1;ITGA3;DDX11;SLC16A6;CHST11;TGFBR3;FAP;GFPT2;TIE1;HLA-DQA1;AGRN;GAL;VLDLR;COL16A1;PMEPA1;ABLIM3;ITGB8;EPHA2;SLC2A6;TYRO3;KMT2A;FJX1;NT5E;CA12;ERO1A;GREM1;PTHLH
prerank,TGFB_UP.V1_DN,-0.2506530206058815,-0.9870769312192681,0.53125,0.8152184387249554,1.0,54/176,29.41%,RIMS2;EYA4;C1orf105;TBX19;SERTAD2;BCL6;MN1;TMCC2;MPPED2;UPK2;ANKMY1;ANGPTL4;PCBP3;CYP2E1;CHRNG;ZNF512B;MYBL1;FHL3;ADAMTS1;FSTL3;SPRY1;MITF;TRO;SCGB1D2;SNAPC4;WNT8B;NPAS1;SMN1;SAV1;DUSP6;PRX;ZNF292;ZNF696;FRS3;C14orf93;MAPKBP1;OSR2;ISL1;HS3ST1;RGS2;TP53BP1;GNAI1;RGL1;HSF2;CDK2AP1;SLC5A3;PLXNA2;NRSN2;TUFT1;FRMD4B;ANKMY2;SLC30A1;BET1L;RAI2
prerank,GCNP_SHH_UP_EARLY.V1_UP,0.18964507779946838,0.9843580600187283,0.6666666666666666,0.5794677123310529,1.0,37/157,15.89%,WFDC21P;OXSM;JMJD8;HLA-B;NR0B1;MAPK14;SLC35E1;PRC1;OXNAD1;MCM5;CDC23;RPL39L;RHPN2;ABCB10;COX7B;SRSF1;DNAJC3;TYMS;DHFR;MYB;MSH6;UQCC1;MCM6;ZZZ3;DCPS;HMGCL;BCKDHA;LBR;TNPO1;FTSJ3;RRM1;CHEK1;VHL;KCNJ4;AURKA;NTHL1;VPS4B
prerank,PRC2_EED_DN.V1_UP,-0.24640089088134415,-0.9842683461149512,0.4631578947368421,0.8167300592907484,1.0,27/166,12.09%,KCNQ2;RPL3L;SLC6A15;SCG2;DMD;ASB4;ARL4C;RGR;PDZRN4;HOXC8;PLAG1;TRPS1;ANGPTL4;ZBTB20;CUBN;RABGAP1L;P2RX2;ENPP2;PTBP2;PKD2L1;CDRT4;CORO2B;MPDZ;CNGA1;GDF5;LRCH4;CACNA2D3
prerank,GCNP_SHH_UP_LATE.V1_UP,0.18213369002904695,0.9835886872869242,0.5,0.5615007632361212,1.0,54/169,21.45%,CDC25C;IGF2;HIGD1A;SSX2IP;THOP1;GALNT3;PRC1;MCM5;CCR2;RRM2;HSPB2;GART;COX7B;SRSF1;MYB;MCM4;SACM1L;TM9SF3;SLC7A6;SLC29A1;MCM6;LLGL2;DLGAP5;LBR;TNFSF11;NAA15;GFM2;FTSJ3;RRM1;CHEK1;LIG1;KIF2C;SMC4;CDCA7;COIL;AURKA;VPS4B;ABCE1;AARD;YTHDF3;METAP1;DDX39A;TNFSF10;MRTO4;CDK1;MIS18BP1;DIDO1;FMR1NB;CKS2;TOP2A;TRIP13;NTMT1;CD5;P2RY2
prerank,CORDENONSI_YAP_CONSERVED_SIGNATURE,-0.2926032628153483,-0.9785843574055584,0.5,0.8278830520127249,1.0,22/52,29.67%,TGFB2;TNS1;MDFIC;SERPINE1;GADD45B;SLIT2;FGF2;SCHIP1;ETV5;AGFG2;ASAP1;AMOTL2;BICC1;FLNA;MARCKS;DLC1;FSCN1;GLS;AXL;PMP22;TNNT2;FSTL1
prerank,PRC2_EED_DN.V1_DN,-0.24420898108004174,-0.9750612807963288,0.5416666666666666,0.8308686223721463,1.0,29/182,15.37%,TMEM59L;ANKZF1;APLP1;DNAJB2;PCDHGA3;ITPKB;CSDC2;AFF3;TUT1;PACSIN3;TAF1C;LMOD1;SYN1;NDRG4;ARHGEF17;SURF2;USP20;FER;KCNS1;VAV2;FBXO17;PHKG2;PACS1;TNK2;PLXNB3;MRAS;MICALL2;MIA;ODF2
prerank,E2F1_UP.V1_DN,-0.24214189918919243,-0.9658991724776733,0.5463917525773195,0.8509069406932703,1.0,50/180,25.42%,TGFB3;BCL6;CYP1B1;UBE2H;TUBG2;APC2;ANGPTL4;ZBTB20;DCAF8;RUNX2;SNAPC3;PAK3;EBF1;NDRG4;WDR26;MX1;ADARB1;A4GALT;PLK2;ADAMTS1;GFRA1;COL11A1;RTKN;NUMA1;RALGDS;ALDH1A1;CIRBP;POU5F1;WDFY2;TMEM45A;SNAI1;APBB2;AQP8;STAC;STX4;CXCL5;ALDH3A1;PHLDA1;PLXND1;RUNX1T1;KMT2E;VPS45;RAB11FIP5;COL3A1;LAMA4;CHRNA7;RGS2;NPR1;STOM;CYTIP
prerank,ATF2_S_UP.V1_UP,-0.25005807605283487,-0.9639099839845815,0.5773195876288659,0.8472424208524444,1.0,72/174,36.98%,DIRAS3;KRT81;ATP2B2;KCNB1;SYNGR3;LRRC17;TTR;NLGN1;MAP1B;HTR2B;PAGE4;SLC13A4;ASB4;RSPH6A;CCDC81;UPP1;LHX6;CUBN;GNA14;FOXM1;INSL6;NEFM;ADAMTSL4;CACNA2D3;OR2B6;FAM107A;MRAS;STEAP1B;LHX2;NRXN3;FGFBP1;RGS11;FOXH1;PAX1;PCNT;ARHGAP22;DDX6;ARSJ;ZNF804A;ASIC4;ABLIM3;TRPC4;POMT2;SSPN;CHML;B3GALT2;NNAT;TNFSF4;GSG1;DBNDD1;RHPN1-AS1;GSTT2;SLC13A3;PCDHA9;C1orf115;HOXD10;GRHL2;FOXG1;ANGPTL3;HSD3B1;FSD1;SLCO1B1;CST1;PCSK1N;GALNT14;DYSF;MPZ;LAS1L;BARX1;CHCHD7;VPREB3;BAALC
prerank,CYCLIN_D1_UP.V1_DN,-0.24642889158985426,-0.9625172596379123,0.5979381443298969,0.8432308073515928,1.0,33/176,18.32%,KIF1A;HPCA;TNNT3;PDYN;TPM2;MYH2;IGF1;NTF4;CAV1;AKAP6;ATF7;RGS16;CD19;PBX2;POU3F1;INHBA;CHRNG;MYL9;TFCP2;PBXIP1;NKX2-5;BRAF;RLBP1;SNAPC1;NOS1;ERG;LAMB1;CUL7;SYT1;ITGA3;KLF9;CCR9;PPIG
prerank,CAMP_UP.V1_DN,-0.24555256925823774,-0.956198197641861,0.6161616161616161,0.8504104983157451,1.0,48/192,23.49%,MAP2;ERC2;BACH2;HSPA1A;RRAD;SLC2A3;GEM;CLK1;SLC17A7;SLC13A4;UBE2E2;UNC79;TRPC1;BACE1;ATP2B4;ANKRD6;BSN;PAK3;PELI1;NDRG4;DPYSL3;AKAP12;AKT3;NUDT11;KLHDC4;MAP4K4;CHST15;FOSB;THSD7A;TARBP1;TUBB2B;TIMP2;NAP1L2;MYH10;CCR9;EZR;DST;NAP1L1;SVEP1;CAPN12;RPL7;SH3PXD2A;FOXN3;ENO2;UBE2QL1;ZFP36;SPOCK2;SERINC1
prerank,BMI1_DN_MEL18_DN.V1_UP,-0.2455432240666185,-0.9474408145163052,0.6170212765957447,0.8686366617368896,1.0,63/139,38.64%,TGFB2;FOSL1;CPA4;PODXL;ARL4C;INHBA;VEGFC;P2RX5;C2CD2L;NRP2;ADAM12;HAS2;GDF5;CRISPLD2;LAMB3;TAGLN;ITGA5;VEGFA;RUSC2;APBB2;ITGA3;CHST11;DUSP10;FAP;GFPT2;NPPB;PLEKHO1;ARL4A;NKAIN1;LRRC15;GAL;VLDLR;COL16A1;PIM1;PMEPA1;ABLIM3;ITGB8;KMT2A;TUFT1;FJX1;NT5E;GREM1;ZNF639;PTHLH;MGLL;ATF3;LIF;EHD1;TMEM51;CHST3;STC2;ITGB6;F3;HBEGF;TIMP3;BST1;COL13A1;STX1A;CLDN1;KIF21B;SCML2;JAG1;ABCA1
prerank,BMI1_DN.V1_DN,-0.2540011157814517,-0.9470685024979663,0.5714285714285714,0.8621144321614174,1.0,18/118,13.37%,SEMA3E;GPX3;WNT16;TNNT1;PRPH;TCEAL2;STON1;ETV1;EFHD1;TRPS1;CYP11A1;ALX4;CLIP3;GPR162;KLF15;GAS2;NMNAT2;C1orf54
prerank,ESC_J1_UP_EARLY.V1_UP,-0.24349348066305537,-0.9321186221193265,0.6914893617021277,0.9003380268063118,1.0,38/151,23.89%,BTN1A1;COL26A1;TTR;PHF21A;MPP2;FOSL1;FGF14;HMX2;ZFPM2;C14orf132;COLQ;GADD45B;ANGPTL7;HEY1;CUBN;A4GALT;BNIPL;TLE6;EDARADD;PHOX2B;STC1;RAB3IL1;ADCYAP1R1;CACNB3;CHRNB1;TRIB2;PDGFRB;CXCL12;DPP7;DHRS7;CRELD1;PIGC;P4HA2;NR1D1;P4HA1;BCL2L2;PCSK4;NANOS1
prerank,LTE2_UP.V1_UP,-0.23063762757707043,-0.911582079409457,0.6938775510204082,0.9517753264187431,1.0,36/182,21.52%,ATP6V0A4;CALML5;NOVA1;VTCN1;GPX3;UST;TNNT1;CYP1B1;MEIS2;SYT17;KIN;PCDH9;CCDC170;FAM117A;EPHX1;GNA14;SCARA3;SERHL;AKAP12;PIP;TBC1D8;FERMT2;HSD17B14;EPB41L1;SECISBP2L;AOX1;PRKCH;RRAGD;CHST11;ACTG2;MYO5A;DHRS7;PCP4;P4HA2;ELF5;GCNT1
prerank,RAF_UP.V1_UP,-0.23342735568624717,-0.9049678010127533,0.7065217391304348,0.9627925556401451,1.0,45/185,21.87%,ALPP;VTCN1;SCG2;PXDC1;CAPRIN2;TNNT1;CYP1B1;ENPEP;UPK2;UPP1;ANGPTL4;PTMS;ANKRD6;SCARA3;CDC42EP3;PYGL;TBC1D8;SERPINI1;PARVA;PEG10;ETV5;CRISPLD2;EGFR;FERMT2;SGCE;FGF1;NUAK1;PER3;OSBPL1A;PKD2;C1GALT1;BPGM;ACYP1;RRAS2;CABYR;PRKCH;LAMC1;SYNE2;JAM2;FYN;GATA2;DHRS7;NR4A3;GJA5;TNFRSF21
prerank,SINGH_KRAS_DEPENDENCY_SIGNATURE,-0.321648783332799,-0.9044659549688733,0.6052631578947368,0.9559072897592454,1.0,11/20,40.13%,FAM83A;TGFA;C1orf116;FGFBP1;ADAM8;LAMA3;C6orf141;SEMA4B;LAMC2;LAD1;SH2D3A
prerank,MTOR_UP.V1_UP,-0.22334882178032772,-0.8931847818965413,0.7708333333333334,0.9758999401742244,1.0,35/158,23.18%,CYP26A1;PTPN14;PCDHB5;GABRG2;BACH2;DLG4;INTS3;TMEM40;ATXN7L1;FOXI1;ADRA2B;TARS2;PYGL;OAS2;VIP;FAM3B;ISYNA1;KRBA1;RCOR2;BLK;FAM131A;TMEM106A;HSD17B13;FGFBP1;SIGLEC1;RGS11;MGARP;IFI30;CAPN12;LDHC;ELF5;S100A14;C9;NKAIN1;MBL1P
prerank,CYCLIN_D1_KE_.V1_UP,-0.2239340083049279,-0.8904082651841468,0.6767676767676768,0.9749239095632852,1.0,34/180,17.03%,NTN3;TPTEP1;HSF4;ZIC1;DTNA;CHRNB4;FAM3C;HOXC5;PRPH;MAT1A;NFE2;COX17;TRAF1;HSPA1B;CYP2E1;PDE4C;DUSP5;CDKN2A;ADRA2B;PCGF2;RGS3;PHKG2;MARK3;THOC1;CELA2B;LTBR;CDK6;PKN1;GGT5;SLC6A3;SMTN;BATF;NPR2;PLCB2
prerank,RAF_UP.V1_DN,-0.22100486894253601,-0.8884013708944162,0.711340206185567,0.9713800947160385,1.0,63/182,36.22%,TGFB2;CALB2;CAV1;INPP5F;HSPB8;MGP;SGCG;CCDC170;PGR;TFPI;TRPS1;PTBP2;MYBL1;PLK2;PDZK1;GFRA1;TSC22D3;GDAP1;MPDZ;CHST15;TCN1;MYLK;APBB2;PLCB1;SPIN1;PMAIP1;IGF1R;S100A14;ALCAM;PXDN;PKP4;ZBTB10;OSR2;GPATCH2;MAFB;INPP4B;DLC1;GULP1;LPGAT1;BAMBI;CA12;ELOVL2;DKK1;GHR;TM4SF1;PMP22;DLG5;PDGFRL;SDC2;EGR3;ARMC9;THADA;BAG3;PALLD;IGFBP2;RND3;FAM216A;IGFBP4;STC2;MYO10;ZHX2;SCUBE2;GAPVD1
prerank,PKCA_DN.V1_DN,-0.22219444693332221,-0.8877598438415565,0.723404255319149,0.9645800823282474,1.0,28/137,21.41%,KCNIP2;MC1R;PCDHB15;DLG4;HES7;CA3;HOXC8;CD19;ADAM11;SLC46A2;FXYD4;CENPT;POU3F4;GATAD2B;ABI3BP;GAS2;SEMA6C;ADGRB1;GABBR1;SLIT3;CHST1;CABYR;WDR5;CD79B;KANK2;PDGFRB;COL25A1;TNNI2
prerank,EIF4E_DN,0.20498952717408742,0.8822802086059549,0.8,0.8222807561202354,1.0,32/92,22.78%,CLDN23;NCOA7;CLINT1;CLTC;PRDX4;SORT1;NPEPPS;APPBP2;PTGS2;FZD3;MCPH1;FAS;CASP10;DCTN4;SGPP2;TPD52;FUCA1;CTSC;LRBA;NEDD4L;RCBTB2;EPDR1;GALNT5;TSPAN6;FNDC3B;DIP2B;SCAMP1;ADAM9;TNIP1;SIK3;PRMT9;CD55
prerank,BMI1_DN.V1_UP,-0.22887563315789927,-0.8791305504080545,0.6979166666666666,0.9806141720588001,1.0,45/140,29.24%,TGFB2;CPA4;PODXL;MFAP5;INHBA;VEGFC;C2CD2L;NRP2;ADAM12;HAS2;SEMA3G;GDF5;CRISPLD2;LAMB3;TAGLN;ITGA5;ITGA3;GABRE;CHST11;PANX1;FAP;GFPT2;B4GALNT1;FES;TIE1;FGFR1;AGRN;LRRC15;GAL;VLDLR;COL16A1;PMEPA1;POMT2;ITGB8;EPHA2;SLC2A6;ACTA2;PLXNA2;KMT2A;FJX1;NT5E;GREM1;DKK1;PTHLH;CSPG5
prerank,P53_DN.V1_UP,-0.2276258591396502,-0.8779452580051961,0.8181818181818182,0.9753328112764291,1.0,61/182,32.43%,IGFBP6;TPTEP1;SCG2;GRIK2;ZNF160;DMD;PODXL;MEIS2;REEP2;UCHL1;SUN1;KRT15;SLIT2;MTAP;RABGAP1L;CDKN2A;CLIP3;MYOF;LTBP1;DAAM1;THOC1;LPCAT4;EGFR;NMNAT2;CAND2;SCRN1;PPL;APBB2;RRAS2;TACSTD2;FYN;CLTCL1;MAFF;LZTS3;G0S2;TPBG;FOXN3;ARL4A;COL3A1;MARCKS;INHBB;COL1A2;YAP1;ZNF44;FBLN2;CDK2AP1;CNR1;C4BPB;SDC4;MSLN;EFEMP1;DKK1;AXL;RAMP1;NMU;PTN;LAMB2;CHKA;KLK1;SULF1;HDAC9
prerank,GLI1_UP.V1_DN,-0.32222737367753995,-0.8755061717395995,0.6197183098591549,0.9726377772579807,1.0,6/16,25.15%,FOLR1;CCNL2;RNF10;BTBD16;ZMYND11;RUNX1
prerank,PDGF_UP.V1_UP,-0.22401819999946557,-0.8657095422002039,0.7741935483870968,0.9851498040452685,1.0,20/142,12.55%,SUZ12P1;TRAF5;FOSL1;FAM3C;MORC2;POTEKP;MMP17;ZNF394;MYL2;SNRNP35;NAB2;INHBA;DUSP5;CDK5R2;PPP1R12B;NDRG4;KCNK3;SERPINI1;MADD;OR2B6
prerank,SNF5_DN.V1_UP,-0.22449565736916727,-0.8641003735958014,0.7391304347826086,0.9813341919077542,1.0,27/160,17.28%,COL26A1;SCG2;TGFB3;MYH2;APOD;SLC2A3;FABP7;PNN;SFRP2;GBP6;CDO1;KCNJ10;EGR2;C1QTNF3;MMP14;FNBP1;MSX1;ABI3BP;SRPX;POFUT2;SEMA4D;AQP5;PRRX2;ZMYND19;TMEM106A;C17orf49;EVL
prerank,ESC_J1_UP_LATE.V1_UP,-0.22448958758013665,-0.8613783744313387,0.7857142857142857,0.9795166342486168,1.0,23/166,10.96%,CYP26A1;PTH1R;GPX3;FGF5;TTR;MYL3;CRYAB;TNNT1;PRICKLE1;PODXL;ENPEP;NRK;SPOCK1;GADD45B;RAB6B;H19;CUBN;BGN;HTRA1;RGL3;FST;PARVA;HMGA2
prerank,ESC_V6.5_UP_LATE.V1_DN,-0.22214051793582973,-0.8589692061203378,0.7894736842105263,0.9766609240407204,1.0,47/168,28.93%,ZFP42;PCOLCE2;CRMP1;SPTBN4;HES7;SERPINE1;MGP;TAF1C;RASGRP2;ANGPTL4;INHBA;BGN;NEFH;BNIPL;FBXO15;C16orf74;GBX2;KAT6B;CBX7;KCNA1;MRAS;SPP1;ZMYM3;GGCT;NPHS1;PRX;JAM2;TIMP1;ACACB;SPRY4;ERAS;TMEM79;TCF15;PSMA8;EXOSC1;LCK;WDR75;INHBB;ZC3H8;PLK3;FBLN2;DDX51;FOXD3;SOCS3;PDGFC;TLE4;TM4SF1
prerank,E2F3_UP.V1_UP,-0.2158927195354357,-0.8556553643846071,0.7857142857142857,0.9770974168837464,1.0,41/175,24.62%,CYP26A1;PCOLCE2;SYNGR3;HEY2;SYNM;PYGO1;FGF9;GKAP1;CDK5R1;NPTX1;EGR2;TAS2R38;ANKRD18A;HEY1;FAXC;SYN1;TIAM1;EML6;SLC4A3;LEF1;PEG10;SHANK3;FAM43B;TPPP;CHST1;NPAS1;RRAGD;ZNF483;ARRDC2;CDKN1C;HRK;ENO2;PLXND1;RAB9B;FOXD1;UBE2QL1;SBK1;L3MBTL3;SAMD11;INHBB;GPR137C
prerank,SIRNA_EIF4GI_DN,0.16753815775668218,0.855103382263762,0.6666666666666666,0.851409978308026,1.0,22/86,18.13%,PSME3;MYD88;SSR3;FUT6;SRPK1;SLC31A1;SHCBP1;ATP6V0E1;CDC6;CFTR;DCTN6;ITGAE;MYO19;RNF34;TXNDC9;IMPA1;STAG1;FAM111A;MAPKAPK5;RIPK2;PAPSS2;PDCD10
prerank,LTE2_UP.V1_DN,-0.21648696220633434,-0.8470089266843546,0.8041237113402062,0.9876111316155958,1.0,64/184,35.66%,CALB2;AGTR1;CAV1;GEM;DTNA;ATP8A2;INPP5F;ZNF84;MGP;SVIL;IFRD1;IGSF1;PTBP2;NRP1;PDZK1;IRF7;GFRA1;OAS2;PTGES;ZNF273;PEG10;CAP2;UGCG;PDLIM3;AMIGO2;PLCB1;ZNF107;PMAIP1;ZNF268;IGF1R;BHLHE41;GRB10;ALG13;IFIH1;GAL;ZMYM2;DLC1;RAB31;WIPF1;TENM1;NMRK1;LPGAT1;PHF11;BST2;LAMA3;GCA;CA12;ELOVL2;EFEMP1;TM4SF1;SP100;UTP14A;ARHGAP12;EGR3;N4BP2L2;ATF3;IFI44;IFI44L;HES1;DSCAM;HERC5;STC2;IRF9;MYO10
prerank,PRC2_EZH2_UP.V1_DN,-0.21215543414780758,-0.8391644473809294,0.8210526315789474,0.9949033903400827,1.0,25/182,11.72%,GRM4;KRT81;NGF;AGTR1;NLGN1;OXTR;APLP1;SYP;GAS1;PAGE4;KCND1;AFF3;CNGB3;NFE2;LMOD1;NPR3;SYN1;PLN;INO80D;PCYT1B;HAS2;DEF6;KCNS1;SLC16A10;ACTC1
prerank,MEK_UP.V1_DN,-0.21186797979183847,-0.8363167305875339,0.8163265306122449,0.9922237802990292,1.0,56/169,33.87%,CALB2;INPP5F;ZNF84;ANXA9;KIF5C;HSPB8;MGP;SGCG;PGR;TFPI;PTBP2;MYBL1;PDZK1;IRF7;GFRA1;OAS2;GDAP1;MPDZ;TCN1;MYLK;ARMCX1;APBB2;GNL2;AMIGO2;SLC16A6;ZNF107;GOLGA8A;IGF1R;PCP4;NOL8;ALG13;IFIH1;SYCP2;ZBTB10;MAFB;INPP4B;DLC1;AQR;WIPF1;NMRK1;LPGAT1;CETN3;BST2;PRPF38B;ANGEL2;TM4SF1;SP100;INSIG2;UTP14A;EGR3;QPRT;ATF3;IFI44;RAB29;IFI44L;MTIF2
prerank,PRC2_SUZ12_UP.V1_DN,-0.21155836117908333,-0.8270114593319777,0.8383838383838383,1.0,1.0,25/167,13.84%,IL23A;ZIC4;MYOM1;NLGN1;HOXC5;MEIS2;MAP1LC3C;LMOD1;LHX6;SLITRK3;DCX;AGER;ADCY2;CACNG2;EFNA5;SCHIP1;CCL19;OPCML;SLC16A10;MAPT;PHOX2B;KLF15;CD22;KRT3;MARK1
prerank,PDGF_ERK_DN.V1_UP,-0.208720744682039,-0.8134072994408171,0.8484848484848485,1.0,1.0,29/136,23.59%,MAP2;ZIC4;TRAF5;NTNG1;GAP43;NEK9;PAX2;CFDP1;ZNF84;TCEAL2;TSPAN9;HCRTR1;INHBA;CORO2B;LRCH4;ALDH5A1;CDK6;XPA;ANXA11;VPS39;COL10A1;SWAP70;PAN2;KLK7;RPIA;PDIA3;LUZP2;SERINC1;COL1A1
prerank,NFE2L2.V2,-0.20070569112570882,-0.8070507625425122,0.93,1.0,1.0,101/397,27.60%,MAP2;PTPRZ1;SOX2-OT;KCNQ2;POU3F3;PRG4;ACTL8;PANX2;IGFBP3;HYAL4;KCNE4;GPR135;NUMBL;FZD7;TET1;TERT;DMD;MDFIC;ST8SIA2;AKR1C1;NRCAM;KIF5C;UCHL1;GSTA2;MYL2;MPPED2;WDR87;ABHD4;SNTG1;FLT1;EPHX1;SCARA3;ECM2;PPFIA2;GCKR;L3HYPDH;LY86-AS1;ETNPPL;PDZK1;PIP;SEMA3G;LEF1;PFN2;CYP4F8;AKR1C4;JDP2;LOXL3;GAS2;PRSS53;GPC1;NKPD1;TPD52L1;CYP4F24P;SPDYE3;SPP1;TDO2;CNTNAP5;SLC5A11;FGF7;HLA-DOB;KPNA5;FXYD7;MPP3;FTH1P3;TRPC2;TRIM16L;HLA-DOA;CALCA;NAP1L1;CXCL12;ALDH3A1;HRK;PLXND1;FAM167B;B4GALNT1;JAKMIP3;SPPL2B;PDE6B;PARL;MACC1;TXNRD3;FAT3;BCAT1;PRR5;BRINP3;CCND3;HGD;ASNS;ITGB8;ESR2;KIAA0319;SLC15A1;UGT1A7;OSGIN1;SMAD9;MCM3;USP6;HJURP;GPNMB;SLC48A1;CDKN2B
prerank,GLI1_UP.V1_UP,-0.28637805029152275,-0.8057917866250989,0.7922077922077922,1.0,1.0,2/22,0.91%,PTH1R;IGFBP6
prerank,AKT_UP.V1_UP,-0.20609470870108018,-0.7998275115144432,0.865979381443299,1.0,1.0,36/154,24.71%,PSCA;PTPN14;RIMKLB;DLG4;SYT17;PACSIN3;PPP1R3F;TMEM40;CRLF1;FLT1;P2RX5;DNAJB13;RHOV;PYGL;PLK2;SYT8;FAM3B;PTRH1;VAT1;SUCO;BPGM;CIR1;PRKCH;SPHK1;TACSTD2;DUSP10;MGARP;LDHC;S100A14;NKAIN1;ABCA7;GPX8;ANGPTL1;HIF3A;ASB11;ADAM10
prerank,IL2_UP.V1_UP,-0.19289046700800652,-0.7817639010174354,0.9072164948453608,1.0,1.0,39/169,25.71%,PTH1R;GFAP;RGCC;FOSL1;SLC2A3;RSPH6A;RGS16;EGR2;GADD45B;FLT1;PIP;MEGF6;RGS3;NCS1;ASPA;HABP4;SPP1;AIM2;LGALSL;ABTB2;AP3M2;LMO3;PLEC;DUSP6;AMIGO2;SPHK1;INSR;MAFF;EHD2;PLXNA3;CXCL12;TPBG;TNFRSF21;SNHG17;INHBB;PIM1;RPA4;CAPN10;EVX1
prerank,STK33_NOMO_DN,-0.19115443456585313,-0.7802906625172067,0.86,1.0,1.0,41/256,17.15%,PRG4;ZEB1-AS1;TIGD1;KRT81;LAMP5;ADCYAP1;SLC35F1;ATP6V1C2;TET1;GPM6A;AFF3;RGR;MTR;C2orf68;BEND6;IDNK;CHRDL1;TRIM58;PRSS21;OBSL1;PCYT1B;APOBEC3C;CR2;MAGI2;C16orf74;NHSL2;NUDT11;JDP2;F13A1;LINC00926;ANKLE1;TEX15;IL17D;TPD52L1;PNMA2;OSBPL1A;TMEM45A;VAT1;MAPKAP1;APBB2;BEND5
prerank,ESC_J1_UP_EARLY.V1_DN,-0.1991435130766312,-0.7723704811038077,0.8645833333333334,1.0,1.0,43/157,28.79%,PPP1R1A;IGFBP3;GAP43;SERPINE1;DPYSL5;PTGIS;CNN1;NAB2;TRPS1;ANGPTL4;DRD4;GNA14;MYL9;LPP;C16orf74;NUDT11;MAPT;LUC7L3;GBX2;TAGLN;CIRBP;MRAS;VPS33B;MED6;DUSP6;AMH;ZFP36L1;SPRY4;ERAS;BMS1;TCF15;PPP2R3A;RRP8;ZFP36;ATF5;INHBB;STK4;FOXD3;BRWD1;SOCS3;FGF18;TLE4;SLC30A1
prerank,RB_DN.V1_DN,-0.1921791476547323,-0.7704825567453062,0.8586956521739131,1.0,1.0,31/112,27.34%,IGFBP3;CAV1;BNC1;ST8SIA2;MMP13;DDIT3;FHL1;H19;RHOV;ADAM12;ADAMTS1;LAMB3;BHLHE40;ANXA11;TLL1;FEZ2;FLNA;PMVK;NKAP;MYADM;P4HA1;ATF5;CDIPT;AGRN;PDGFB;HS3ST1;BASP1;GJB2;BST2;S100A16;PLXNA2
prerank,NRL_DN.V1_DN,-0.20699724176634013,-0.7701051466408324,0.8865979381443299,1.0,1.0,44/121,35.53%,CCKBR;ATP2A1;ABCC9;FABP7;MAP6;KIF5C;CNGB3;C14orf132;GLRA3;MFNG;RGL3;NR4A1;ELK3;JAM3;IL17D;IFITM10;RNF25;RASGRF2;MYOCD;PLEC;DPP8;CALCA;BBX;EPM2AIP1;PDIA3;ABCB4;U2AF1;TNPO2;BST2;PECAM1;TUFT1;SOCS3;ELOVL2;ACBD6;C11orf52;ATOH7;MOGAT1;FKBP9;INPPL1;PIK3AP1;EN2;TRIM17;HES5;DYSF
prerank,PGF_UP.V1_UP,-0.18973218732729916,-0.7623181057449124,0.9278350515463918,1.0,1.0,38/180,22.90%,CALB2;LRRC17;TTR;DMTF1;NRCAM;STON1;RASGRP3;GRB14;GLRB;LGALS8;F11;UPF2;ZNF117;NAP1L3;MMRN1;LTBP1;CR2;SACS;LPCAT4;ABCA8;THSD7A;COL8A1;BPGM;SYNE2;PPIG;TGFBR3;RRS1;ZNF268;ROR1;PHF3;MAFK;ANGPT2;GGCX;RUNX1T1;ARMCX2;ARL4A;SOCS5;ANAPC13
prerank,CAHOY_OLIGODENDROCUTIC,-0.20253754650178807,-0.7619329298954955,0.8817204301075269,1.0,1.0,21/91,27.11%,GNG8;KCTD1;CSDC2;SPEG;BACE1;NRP1;RTKN;FAM89A;GALNT18;PLXNB3;FIGN;ZNF276;RNF122;MAP3K15;P4HA2;SEMA3D;DMRTA1;WIPF1;TENM1;ADGRL2;TSPAN2
prerank,EGFR_UP.V1_DN,-0.19314604329600474,-0.7402073742432993,0.90625,1.0,1.0,41/172,25.91%,CALB2;CAV1;INPP5F;ANXA9;KIF5C;EFHD1;SGCG;PGR;KRIT1;PTBP2;PDZK1;LTBP1;GFRA1;TSC22D3;MPDZ;ZNF273;PEG10;TCN1;NET1;PDLIM3;TCAF1;ARMCX1;ATF7IP;APBB2;ZNF107;CARF;GOLGA8A;IGF1R;ELF5;NDUFA5;ARL4A;GRB10;ALG13;ZSCAN18;SYCP2;OSR2;MAFB;DLC1;GULP1;WIPF1;TENM1
prerank,ERBB2_UP.V1_DN,-0.18685335179921106,-0.7297158174851653,0.98989898989899,1.0,1.0,57/186,34.25%,CALB2;FOLR1;CAV1;INPP5F;ZNF84;NRCAM;KIF5C;HSPB8;MGP;PTBP2;TIAM1;MYBL1;PDZK1;IRF7;GFRA1;OAS2;MPDZ;PEG10;EHBP1;TCN1;LAMB1;ARMCX1;GNL2;AMIGO2;ZNF107;PMAIP1;GOLGA8A;RRP15;IGF1R;NOL8;ALG13;IFIH1;ZBTB10;DLC1;RANBP6;GULP1;RAB31;WIPF1;NMRK1;LPGAT1;CETN3;BRWD1;BST2;STK17A;KRR1;TM4SF1;CCDC59;TAF1D;ANKRD12;EGR3;SS18;IFI44;SMC3;IFI44L;MTIF2;TVP23B;FAM216A
prerank,P53_DN.V1_DN,-0.18205077450057905,-0.7285872236723481,0.9081632653061225,1.0,1.0,54/186,28.52%,SLC6A15;TM4SF4;CRYAB;TAGLN3;VGF;BCHE;GRAMD1B;GPRC5B;NRCAM;GAMT;CDH19;KCNJ8;TNS2;ESM1;RUNX3;NAV3;NRP2;GFRA1;NR4A1;FBLN5;NEFM;MITF;ALDH1A1;BTG2;IFI16;FXYD2;SPP1;MIA;BEX4;PRAME;VIM;MYO5A;NR4A3;HOXB2;ST3GAL6;ALX1;DDB2;MAL;RHOQ;VLDLR;ZNF516;PTPRM;STOM;BASP1;HGD;ACTA2;GPNMB;VCAN;SOCS3;EPB41L3;FRMD4B;CA12;ELOVL2;GLS
prerank,AKT_UP_MTOR_DN.V1_UP,-0.18298670398045916,-0.723238535011557,0.98,1.0,1.0,29/169,19.39%,PSCA;KCNH3;RIMKLB;MPP2;SUSD4;NIN;SYT17;PACSIN3;PPP1R3F;TMEM40;CRLF1;FLT1;FXYD4;PFDN2;A4GALT;PYGL;PLK2;SYT8;CPNE6;VAT1;NFKB2;RBM4;SUCO;HOXB3;CIR1;SPHK1;TACSTD2;DUSP10;MGARP
prerank,RPS14_DN.V1_UP,-0.18327059767096768,-0.717099774008955,0.9693877551020408,1.0,1.0,43/181,27.31%,CCNA1;COLEC12;TAC3;BCL6;MDFIC;CYP1B1;ARL4C;GJA1;RASGRP3;SNTG1;HEY1;ENPP2;CDC42EP3;MX1;SH3GL3;PLK2;TIGAR;ADAMTS6;F13A1;SFXN3;IFI16;SPP1;HESX1;MX2;SMAD3;AZU1;RASAL2;PRTN3;NR4A3;ST3GAL6;ALCAM;SEMA3D;MARCKS;GNB5;SH3BP5;PMP2;RAB31;RGL1;EPS8L2;FLVCR2;ACTA2;SDC4;GPNMB
prerank,CYCLIN_D1_UP.V1_UP,-0.17588220869407617,-0.6929537410077661,0.9375,1.0,1.0,57/179,31.53%,PAX2;HOXC5;MAT1A;RGR;NFE2;COX17;TRAF1;HSPA1B;PTMS;SLC18A3;SYN1;WT1-AS;SHC3;PDE1B;ADRA2B;PCGF2;MARK3;CTF1;LTBR;MYT1;TAGLN;UBXN1;CYP2A7;SGCA;GTF2H4;GGT5;SLC6A3;HRC;SMTN;BATF;WNT1;GALNS;SPOCK2;PCDHGA12;SLN;HTR6;RAB31;PLK3;EVX1;MED12;SUPT5H;EPHA2;KIAA1549L;COL4A2;KMT2A;MSLN;RASSF7;SMOX;PDE2A;BIN1;ATP4A;WNT10B;KCNAB2;CCL23;KDM5C;MASP1;BCL9
prerank,CSR_EARLY_UP.V1_UP,-0.17318021991715699,-0.6833085850417122,0.989247311827957,1.0,1.0,32/145,24.12%,LRRC8A;DLX2;FRMD6;INHBA;PHF20L1;SCHIP1;ELK3;CRISPLD2;STC1;MOB1B;NET1;PTPN12;YOD1;SMTN;SNAI1;GTPBP4;GNL2;MAP2K3;HECTD2;CSRNP2;PANX1;GATA2;YWHAG;NCL;SLC28A1;SPRY4;ZNF697;AMMECR1L;FOXD1;ETS1;ST3GAL1;GAL
prerank,STK33_NOMO_UP,-0.16639239782211196,-0.6772106881396017,1.0,1.0,1.0,87/272,36.55%,SCG2;CAPRIN2;BCL6;ARL4C;GJA1;PPP1R15A;ABHD2;RASGRP3;CFL2;EGR2;STX6;UPP1;ATG14;CYP2E1;CAB39L;FBXL13;DUSP5;PELI1;PTBP2;REC114;NRP1;OLR1;LIMK1;STC1;DAPK1;SEMA4D;LY6K;LAMB3;BTG2;IFI16;CNIH3;NUAK1;TBCEL;TDO2;COQ10B;MTSS1;ELK4;JAKMIP2;HECTD2;SLC12A6;PANX1;ZFP36L1;MAFF;MERTK;PHLDA1;RAB12;COL6A3;SETBP1;ZFP36;ST3GAL1;GPATCH2;RGS2;ZMYND11;ADAM28;MYOZ2;TUBB2A;SDC4;GPNMB;GCNT2;CLVS1;KIFC3;FOXQ1;RIT1;C5AR1;TGIF1;FCRLB;ANKRD12;IL1R1;EGR3;CSRNP1;JUN;TMEM255A;CLEC2B;LCOR;RND3;ZIC2;CDC37L1;TNFSF15;EMP1;ARID5B;RIN2;FBXO32;GNPDA2;WHAMM;MORN2;CREBRF;NR1D2
prerank,PTEN_DN.V2_DN,-0.17525981316092165,-0.6693638490346643,0.989247311827957,1.0,1.0,34/126,28.18%,KRT7;DLX2;TERT;HOXC5;TULP1;RIC3;PLAG1;CORO2B;NOS3;CBX7;ARHGAP33;RBM4;TRAF2;SPHK1;ARHGEF40;SERPINA6;FOXH1;MAFK;NDOR1;COPZ2;FES;PLEKHO1;MRC2;ATF5;AP1G2;PIDD1;TACC2;RGS2;BATF3;WIPF1;BAMBI;OGDHL;TUBBP5;NVL
prerank,ATM_DN.V1_DN,-0.18494215350180637,-0.6691677127387713,0.9895833333333334,1.0,1.0,27/132,20.85%,KCNIP2;SLC24A2;TSPAN32;KCNQ4;HCRTR1;ZNF208;PRSS21;ANGPT4;PLSCR2;AVPR1B;FER;OPCML;SLC17A1;FOXB1;FBXO24;CRYBA1;TAGLN;MRAS;ADRB3;SEMA3A;FGFBP1;SETD4;F10;ZFP36L1;ABCD1;PAX1;NLGN3
prerank,MYC_UP.V1_UP,-0.16648462678430498,-0.6629692442486621,0.9696969696969697,1.0,1.0,19/163,13.83%,SLC6A15;PCOLCE2;CCDC78;PRR3;MMP16;C5orf46;DPYSL5;TMEM132B;HSPBAP1;LHX6;SLC29A4;P2RX5;ZNF667;NEFH;MPHOSPH10;QSOX2;AHSA1;PCDHB18P;IL17D
prerank,STK33_UP,-0.16006106822232455,-0.6474300886922191,0.99,1.0,1.0,84/261,35.81%,SCG2;GPR135;BCL6;CYTH2;GJA1;PPP1R15A;ABHD2;RASGRP3;CFL2;TFPI;EGR2;STX6;UPP1;ATG14;DUSP5;MSS51;PELI1;ZNF117;REC114;NRP1;OLR1;RTN1;DAAM1;LIMK1;STC1;DAPK1;SAMD8;BTG2;IFI16;CNIH3;NUAK1;TDO2;COQ10B;CYBRD1;MTSS1;MIR663AHG;CMTM3;SLC12A6;PANX1;ZFP36L1;MAFF;PHLDA1;TTLL7;RAB12;COL6A3;SETBP1;ZFP36;VSIG4;GPATCH2;GPR137C;MAFB;RGS2;ZMYND11;ADAM28;ITGB8;MYOZ2;FAM177A1;CLVS1;FOXQ1;RIT1;ST20;C5AR1;TGIF1;ANKRD12;FCAMR;EGR3;CSRNP1;JUN;TMEM255A;SLC38A6;CLEC2B;LCOR;RND3;PKIB;CDC37L1;TNFSF15;EMP1;ARID5B;RIN2;ADORA3;IRF9;GNPDA2;ATXN1;HBEGF
prerank,BCAT_BILD_ET_AL_DN,-0.19847115680345628,-0.644633446714141,0.9876543209876543,1.0,1.0,13/45,31.33%,CLK1;TUG1;NBPF10;GRID1;OSBPL10;RASAL2;ISCU;ZNF281;PRPF38B;PTHLH;TAF1D;SECISBP2;ASH1L
prerank,RB_P130_DN.V1_DN,-0.16922693754800508,-0.625989642984549,0.989010989010989,1.0,1.0,33/127,29.32%,PCDHB17P;CLU;BNC1;DSTYK;HSPA1B;WDR26;HTRA1;RHOV;OLR1;BNIP3;ARHGAP24;IFITM10;VOPP1;GAS5;LGALSL;RNASET2;KLK7;NCL;CXCL12;NAB1;GDPD3;CLIP1;EIF3J;TYW5;CSDE1;ATAD1;GJB2;USP47;SPOP;EOGT;PRPF38B;TOMM34;GABRP
prerank,STK33_DN,-0.15019747615938053,-0.6087551901989914,1.0,1.0,1.0,37/256,17.15%,ZEB1-AS1;LAMP5;SLC35F1;GPM6A;PODXL;AFF3;RGS16;NFE2;MTR;MPRIP;C2orf68;BEND6;CDC42EP3;TRIM58;SH3GL3;OBSL1;PCYT1B;CR2;C16orf74;NHSL2;NUDT11;F13A1;CACNA2D3;LINC00926;GAS2;ANKLE1;TEX15;IL17D;TPD52L1;PNMA2;KHDC1;OSBPL1A;TMEM45A;MAPKAP1;APBB2;LGALSL;BEND5
prerank,STK33_SKM_UP,-0.15025045819947377,-0.601739827339548,1.0,1.0,1.0,46/240,25.18%,MAP2;RGCC;GPR135;ETV1;RASGRP3;CFL2;MPPED2;TFPI;STX6;UPP1;DUSP5;MSS51;ZNF117;PLK2;OLR1;RTN1;DAAM1;TBC1D8;LRRC37A2;SAMD8;BTG2;ZNF718;IFI16;CYBRD1;FAM131A;MIR663AHG;CMTM3;SLC12A6;MFAP3L;CDKN1C;ZNF682;PHLDA1;TTLL7;TNFRSF21;SETBP1;ZFP36;MNS1;VSIG4;DNAJB4;SYCP2;CEP19;GPR137C;MAFB;RGS2;ADAM28;PTPRM
prerank,BCAT_BILD_ET_AL_UP,-0.1789656745115577,-0.6009039644915346,1.0,1.0,1.0,17/44,39.17%,PALMD;MYL9;NDRG4;TAGLN;CTSD;MYADM;CAPS;CYP24A1;FOXQ1;CNOT3;STXBP2;HMGB1;SLC35C2;IGSF8;ICAM5;RPL37A;CD2BP2
prerank,PDGF_ERK_DN.V1_DN,-0.15195412592953642,-0.5869608712641252,1.0,0.9955811612037141,1.0,20/142,19.70%,PNMT;OMD;BNC1;MAB21L1;CNTRL;PER1;APC2;MPPED1;C2CD2L;NEFH;ZSCAN9;LTBP1;PHOX2B;SNAPC4;BPGM;SMN1;DUSP6;EFNA3;TBKBP1;MAFF
